c5d1f768-d2ae-4ea6-a1c9-561fb8b9dd10,350,3,https://a.thumbs.redditmedia.com/0J9vaPRGgnzGO0rJxYm4PhjMo9SQ5fOoLEbRMxOKpN0.jpg
1b90c036-6fd9-46cc-b7e8-9835f6bd5969,89,4,https://b.thumbs.redditmedia.com/aZcbWBnSCBJxcQB3DhfK1u5eBEBRCxbqUq7gcARnpno.jpg
db8b9d61-25b9-48b0-95ad-3d1078a67a7d,-421,3,https://b.thumbs.redditmedia.com/NFLNNrb4NbInGtn91G8a-tl_JWeZvDOfFXc2T4aqhMk.jpg
5a803afe-6a66-4f3e-a1a8-087d6cc4ec14,-300,3,https://b.thumbs.redditmedia.com/bbNbLJ0xhBrStgbe8KwQUaqdQ5XmxC0JUr7xNUGPEok.jpg
45f38b1d-0f9c-4839-96f3-ac0923e8a20d,-2100,2,https://b.thumbs.redditmedia.com/udu63zi4czxAPhXap1uIbDh6cViLcHRx31RSFXhP2Gw.jpg
3d0d57d3-0908-4b69-96d9-887cf7623c5b,1555,3,https://b.thumbs.redditmedia.com/mpJNh1hvDAH2qwJoonZSbOKekDnrD5RhLmi853qTlOE.jpg
01919c34-003e-4def-acad-ad9d78619699,-977,3,https://b.thumbs.redditmedia.com/6uJbQ-RU2rEVpzD4Hbbu_86nO9dbeMpZw7uspLVcREw.jpg
35f44c29-ea30-4c5f-9119-84de551346aa,1824,1,https://b.thumbs.redditmedia.com/1L-aqcnDKrDhDqBS0GizInsaH97_4KbRTAxTY-pcKIE.jpg
3d08d787-72ec-4b21-b072-bf624a62a20d,150,3,https://a.thumbs.redditmedia.com/bw-iMuQdt1ljROcCK8ac6OWHNppAfhgbgJm1B7JDj-4.jpg
ba3d207d-3fa2-44a2-b537-151dbd4ba6d8,1846,4,https://b.thumbs.redditmedia.com/dn7pXaFIb7wmwdYVcmXlYApuCq4DeqWa9-XhzqtxOMw.jpg
9bca0faa-a8bc-4631-91f1-4976273f91a4,1700,2,https://b.thumbs.redditmedia.com/lHaObV4N6khuraCbAePfWQoNmP_zHoHtdmR_Qy-oyDk.jpg
ccd93168-09b7-4cba-a8d5-1d56bf67610b,-455,4,https://b.thumbs.redditmedia.com/zwC1CQxumR_ziElHIkkInekI5ypH153fRemSQXxxFqQ.jpg
a81819df-b8da-4e0d-ba4e-905e8dfc11ad,438,4,https://b.thumbs.redditmedia.com/zf1_SdzOWagU0k2TzPSbkKfe-V1BCfCZkeXvmdprxMQ.jpg
2275d3a4-0665-48c3-9598-701e22c36805,570,2,https://a.thumbs.redditmedia.com/HzeDPgQoklxz-uft0pl125pqhUNY_p4WjyFRuL18s40.jpg
350da8a6-652c-4ead-89c6-b518e8fe77a3,1779,1,https://a.thumbs.redditmedia.com/_YoqQkJLS6Owd9y53B6Q00p6WpT1EBso8jE4B9Pd9D4.jpg
4a78b694-3faa-49cd-bce2-c430adbc5f81,17,2,https://b.thumbs.redditmedia.com/o1bV_BDFmA-07uMfOuROR-bxiickfqSq_9-4FdRcG1M.jpg
6dec5e64-bf1a-452a-a903-5b9f766aacaa,486,4,https://b.thumbs.redditmedia.com/5f6V0-xTntin34bxcFXC1LqNUplxM0wMXpma6Xe4mDk.jpg
82529534-c237-444e-b72d-f97e123e6d2f,-768,4,https://b.thumbs.redditmedia.com/msunxpd2Eh0G_wQyP6OA1EmZqsqiSgrDG_s3ri1Q-sI.jpg
8f7cefc5-3926-4f33-bf7e-e08582d5e63d,-440,4,https://b.thumbs.redditmedia.com/TA7lm-pUNpkneKuw-e-G6dBMR34m3eOKEVgYIGh3I1g.jpg
b25ddc06-eafc-4710-b1b9-26c3b5ed47a6,-3500,2,https://b.thumbs.redditmedia.com/kFt0wu0wKBdPHeRhABqhstvQxRVqsQ1hxch1HzfEGJM.jpg
7337f61e-2917-4182-95c8-88f55b3a79d6,-900,4,https://b.thumbs.redditmedia.com/XHJ2vdu0drJHq1esfy6xBSO3FCkBBgf6GbrjMB0nXDI.jpg
4f538fc1-b05d-439d-a331-382376db2dfd,1861,4,https://b.thumbs.redditmedia.com/UcwZLhmRtI-VGQQCtSDVb4C_y6GXkozoLkGXOmHQVtw.jpg
0547fc63-537f-4b48-9a59-1454a2cbbce4,1810,1,https://b.thumbs.redditmedia.com/J5C6lt7XOyl9FyEM6qYnYyZZa2r9jiLYqPtARcPRCsM.jpg
65be72b8-f5df-4a4a-917f-d068a8e6ee21,1657,3,https://b.thumbs.redditmedia.com/hEXoL4un0hNO76_pDdbbg72HxMfEzlkw9FvnDKPYUsQ.jpg
05aa1075-badb-45d6-8388-6af93b1f4822,-1150,4,https://b.thumbs.redditmedia.com/pED9pTPmyaRUXeFyGqkT33zbaiC4UUVN1W40kjs-aOA.jpg
987cd7cb-5739-400d-822d-3d623079ce9c,1550,2,https://a.thumbs.redditmedia.com/TdUkqMfyvlCR5e7VFsyNN6xI-ayFSbUPXqLRFbLOwh8.jpg
822b2666-935e-47d2-9268-5fa4a7f7ca60,1855,1,https://b.thumbs.redditmedia.com/5N0zCpA1Wqj6K0vFetbPt3FqO3CSdV5SwHPwRM7lrpQ.jpg
262c9101-d949-47ec-8ebc-3f214fa9a43b,300,2,https://b.thumbs.redditmedia.com/baW8VyZvR4o_XjynVRy2B5RrBWapDQE4_jBCcZ1XBxA.jpg
9cd8e9d6-b2e1-473a-8bf7-f7aa257fb7d3,1150,2,https://a.thumbs.redditmedia.com/xmmppHGw7YODfZHh7ru-ysDHxLS9kkzprdAEBleusI0.jpg
3d559180-2c89-4e1a-b2cc-1a033bd1fbce,1800,4,https://b.thumbs.redditmedia.com/tVKBUP5oezAS25OtT3l-ZRU2ShtkqFktN4ItBjKC-cI.jpg
15c35ee0-482a-4a54-8abd-f5acfff99632,-600,4,https://b.thumbs.redditmedia.com/GsE_9-NddjUeHT9toMLI3DViWnAmbvcbv0TmcXIIFak.jpg
dc9ae7cc-a454-4c58-ac5c-5f131c44c84e,1350,2,https://b.thumbs.redditmedia.com/g8E-rBIf5ZlQ0fjlshflEw-6yQ3OinZad0QWyKL3g_w.jpg
e9fc2de4-010d-420c-bd4e-6e28c573548f,-1977,4,https://b.thumbs.redditmedia.com/8oNO3stss4H3X6PShodZkdGFLQwZjfzrZLsbe2pjIYs.jpg
fab896f8-1d25-46e5-bdbc-bae8f9f01bb7,-50,3,https://b.thumbs.redditmedia.com/f3RIbW3H90vf0pnA8GwPDZh-UFRkKeEMpCEP5zGI7zE.jpg
88a00efe-2ac9-40eb-885b-e0923a2744af,1887,4,https://b.thumbs.redditmedia.com/KA4GuJ0uzzxmtDeX84CaJe60fKx3vU3AckSe6aiV1Ac.jpg
4d03e686-5643-453b-9b39-8ff17c488ebf,1908,3,https://b.thumbs.redditmedia.com/2zGoWAGCeKsFmchRWyVLrkvP9iCLgFeMQ0496qUhmyI.jpg
251e65ed-b648-4120-a070-a4f474bb27e4,1650,2,https://b.thumbs.redditmedia.com/wUap7vYe7DnWkJ7FhUGnul4dvQowLoa0TKb41jWf4xg.jpg
e0f6a0f4-83d6-4d78-9bff-f0effb7af85c,-250,3,https://a.thumbs.redditmedia.com/ZA_9xzjvGc2D0VjMRK20nNMAiwe79npXSPEGIQ8iB74.jpg
0036f90c-0799-4dbf-87ac-dfd34954509f,-504,5,https://b.thumbs.redditmedia.com/UWT-KZQ_OYSLq4A-JV1AR2zUs2GX-Zjk7a2rdVLP4fg.jpg
898112a3-ed10-4674-8a5e-45caf9df3d54,1850,2,https://b.thumbs.redditmedia.com/Zk28Oc2D2XUlCvSGyAeUbEWDDfAHhclJt4mdYl1SC2c.jpg
ed633d7a-d126-44d7-be3e-7589bc7b73dd,-250,3,https://a.thumbs.redditmedia.com/79VhBqNJNUt7U04grmZkImvmFnGwxT8ZM6WFAJdNeF4.jpg
60f0fc23-b87f-4682-abed-6784842ffee8,1150,2,https://b.thumbs.redditmedia.com/UHwGlq_MwERgi2kFDN-9kGhldo3WUO3nUK4r84npSVU.jpg
aa4f5913-d509-4366-9854-97f8239f2930,1890,1,https://a.thumbs.redditmedia.com/lMYNOqrT8e-TKbmiufVOt5aqk2PjzvHBe6YejwJG6w0.jpg
c0ca124a-e920-4ec8-b674-d755cb341088,200,4,https://b.thumbs.redditmedia.com/D7jTw4a2vgkDosVoICvPS21CEwNMxdjgRY6HGACBjCM.jpg
53a031a0-1475-4d31-8aa5-eb6e3798d014,-400,4,https://b.thumbs.redditmedia.com/dxPr00BMmXR63DIdx5lyJ6MZ5gN4N7sMC1FrjjmbZlU.jpg
6286b31e-0004-4b7d-886a-97b0af959eb0,781,1,https://b.thumbs.redditmedia.com/33t5RjQVuAqwcVx243MsDXQBqb8KPnRKs0swwgdOZUE.jpg
a02aec2b-af6a-4429-b8fe-b75676635875,-500,4,https://b.thumbs.redditmedia.com/cyKvpwlJ5NoDBBP_2rlyAD3zX-XNVfZpAB7HnBf2NxQ.jpg
15d6e324-1fbc-49ed-b2c5-fc2402e87312,-300,2,https://b.thumbs.redditmedia.com/UVCAmg1Xalxpao2Iy7xUe4u5YtdFguZc7XCzPUKB--s.jpg
b188160c-06c7-4ede-9e93-9bc15bb7620c,195,3,https://b.thumbs.redditmedia.com/JwmCKiUPNG_KDRs-5ZJH8TLe0nSeJY5uFplKCxLEQ0U.jpg
f5d13920-11ae-48af-835e-a3026ceb8f2b,-675,4,https://b.thumbs.redditmedia.com/LGwhZBljFN-YupidCkF86nJnFafoQvo_9onH5OdFSeY.jpg
6d221018-e999-4bd0-9099-312c4f951ded,1800,2,https://b.thumbs.redditmedia.com/Y0oT6L9Ja359tblFcBcH9ucNQnuYPNyYoH2gvLapMLk.jpg
037088c0-8e28-4334-89f5-15d9ce152d98,1476,4,https://b.thumbs.redditmedia.com/_NZ0YjOTvg70gBx0U8q5eTYy9rxtPGcGVhMmVnoofmc.jpg
2b0ee992-b7d2-4440-a210-7e37cddaf326,-1436,4,https://b.thumbs.redditmedia.com/FvkM4XtGHqsJJykW3jFnVVuT1KNlXrKmJgSxx-WxkqA.jpg
03b1d2f3-973e-47a6-b6b6-4317e5244abe,16,2,https://b.thumbs.redditmedia.com/IrULylEdDpYrzfGtPd8yvIu-D-1o4fkjSTfU8b-N5MY.jpg
4812280e-d87e-4452-a303-3e01d83db898,1853,1,https://b.thumbs.redditmedia.com/AQgX0QfX1KSXJAPhCa1SW5SQmEe9o1VLFKsInQq-DwI.jpg
96569778-2ff2-44d6-878f-d23396adcf36,750,3,https://b.thumbs.redditmedia.com/EyRzPw4BONr4IAGCwyyMant_Zd2iFnaknbV8hPDQizY.jpg
b2569ba2-e337-46e9-aa0f-136da5963e4a,523,3,https://b.thumbs.redditmedia.com/cAl7P3g0-z_6gxOWaz2ODuvJpLv6SaZoOhiFO11-jmo.jpg
2230f8eb-da94-4d56-8007-ab3303b919bb,850,3,https://b.thumbs.redditmedia.com/cozBWRm41Jtrkz05s8CHIc09EeT138UiePZCa65tBEk.jpg
a95bd740-c826-4a97-a6b0-162b4828245f,-1344,4,https://b.thumbs.redditmedia.com/bMrv6M1-dYdQ-dRqCXuNaF3yYK4IOoVWDFRkS-JnLvc.jpg
266c2017-0c2b-4316-9580-757faed511d9,1848,4,https://b.thumbs.redditmedia.com/iJIbRV7tPInS178_7z5S2leHswPqDSFP0sD-ic_HK6c.jpg
b30b9baa-8caa-4f67-a0a2-e9057ec119cb,1361,4,https://a.thumbs.redditmedia.com/tUWGd6KhnEV9wwue1kDeEUPFX1NfadL6ulQE7ZJpmQ0.jpg
d327954a-216b-41af-9b53-06e4a169f889,-400,2,https://b.thumbs.redditmedia.com/GVMjFz5LLLSXv5PT9EpfnrzsuVTrG4fUxzg6BCOCMxw.jpg
feb50fe3-8a48-428e-a335-89f58cb9b586,1775,3,https://a.thumbs.redditmedia.com/Z56xu-3q7F7odRBoC9f1nFtrcY-dLkVzRzn_fwvHpc4.jpg
ef8d6aa0-6393-4891-8ce4-d8484949e7b1,1845,1,https://b.thumbs.redditmedia.com/m4DNTKb4MpTIZ3sZI3G7SeyvL_V4mi-G0LIcpQA_Vxo.jpg
3a2ed3df-7a88-4373-a30a-81f9d7971806,400,3,https://b.thumbs.redditmedia.com/5w5Xo2b62q1jjoi_XLcWERLxN7svlK_e37edbYNfxHI.jpg
dd0bd3c3-5400-4780-9aaf-0ce43f7fae93,1882,1,https://b.thumbs.redditmedia.com/AC4YmPFHoz55v579u-rUg-6uRbGuBGlo8myisu1mhIA.jpg
e4995f36-01ea-4d69-80fe-1131c9ef89d3,700,4,https://a.thumbs.redditmedia.com/F2dQp2o3cQyvALKPMdt0bmDVmZO65hA1_0jzmfVbBQ4.jpg
4fd2e613-498e-4437-a5be-e5fc2381c1a2,-1859,4,https://b.thumbs.redditmedia.com/HAllZy51i81NvLbNk9vjZfDFHochnUi-IEbcNp-LtYw.jpg
b5c47b94-9653-424d-aec0-8cb85486245f,763,4,https://b.thumbs.redditmedia.com/MgVDfNFiekpu7Q5zmgXSr2y9JZhG-Y9nZfEafo7zirM.jpg
cbdaa0a6-7e7e-4546-8260-41c3b2e1ff79,-350,3,https://b.thumbs.redditmedia.com/VnaAnp8hxJ8k9moWmq3BPIlmz-oiGLL4ztBvgNoaijY.jpg
ece187b7-285c-4627-81da-58193724527c,-2300,2,https://b.thumbs.redditmedia.com/JmBdZvFtRcLl0BZeh1OwLlpbDtg_yr5wtXaOTlxbN9c.jpg
24ed35dc-5ab7-4a65-980a-fe8627427145,1150,4,https://b.thumbs.redditmedia.com/N6y_J8CC-kXmG70fclLzwuaHRqU98KrXeSoXvzMRsEA.jpg
800f89d4-888f-4cf0-980a-8ccab64f5b92,1550,2,https://b.thumbs.redditmedia.com/Dtx3Xxdmv33NuDWRD-Bw2Bo-BIW5HNAnx3U3jOlAMvY.jpg
98b7d2cb-de50-4703-aef0-4ee3320bd6a9,1175,4,https://b.thumbs.redditmedia.com/-aujvF3t03uyidqcwZ3yjiEoSllq1pj-SQ2LM8Wtd5Q.jpg
7e351c16-6324-4fb7-8377-bf8f7fe76589,-10,2,https://b.thumbs.redditmedia.com/tyDLB0akkwX7txZZiwD5JrTxA4mzEYcMbdMOxN_7OGQ.jpg
47a5c569-56c2-4b2e-a02d-03b9d0dc0a35,1550,4,https://a.thumbs.redditmedia.com/CA_QJWB-q_5fKWrLMTEG4bhqpMHESjPOuLW2e-yBa-4.jpg
46e3267d-2d91-48aa-90cf-93477ab70cd4,-560,4,https://b.thumbs.redditmedia.com/X2yy-CFuykajrJm7trscQWKXKAe_jlTuy6vl-mUxlKc.jpg
da361f00-8687-41b4-a6af-bef765dd1bf0,1900,1,https://b.thumbs.redditmedia.com/9jjizTfHVh8BT45jzRnFgnNqWJie1JSat2ZXSIEzhqs.jpg
de97a587-a6f2-44d7-8d2e-2c2fbc95cff3,-1246,4,https://b.thumbs.redditmedia.com/kEXtzuT4IUp1ztpL6K2zHoCgKBew0agtblaZV8vk7FI.jpg
a55045dc-9800-45f7-99fb-33a7a9a883a9,1845,3,https://a.thumbs.redditmedia.com/S30Eq8jrkqNJzjRaq1BlUq5qH-vHIsAXPhlBWQNhAf8.jpg
3df5679b-a6c4-496b-a34d-f42008f5fd42,300,4,https://b.thumbs.redditmedia.com/IGBuHGawwmyXa3o_XCoFu6ELV6pKUQPegJA-_jqWsgQ.jpg
20bc4798-24d5-4030-8e8d-c926a3f34f80,-637,4,https://b.thumbs.redditmedia.com/7t19k3rP-LyehGD1doRMrrzzMGOByPrmxvCfba_ARdM.jpg
92dc6a23-db44-4e75-b075-b8b8067693fb,-264850,5,https://b.thumbs.redditmedia.com/RZb4KY8iT4KYRtdh_0l-Gn-msRWtmoOsBejKh0BBqco.jpg
30e89246-072f-43fe-9840-e7ad99b717e4,650,4,https://b.thumbs.redditmedia.com/VkwgHUUayOtO1ip7yDIsLGN38MazrrTMwXzpR1cEFXI.jpg
6d3e35b0-1398-4fb6-9bb1-6fa700a81ccc,-360,3,https://b.thumbs.redditmedia.com/zdpV03Hob9YO6fLh-0kwxNkHUFwviGJSwL8bFh0i_Ew.jpg
9b7ce513-a1a2-4ec4-8b4c-784f8d8cc3a5,-350,3,https://b.thumbs.redditmedia.com/cKse334hyXmxNMw6pbgWEVStMp5gvqoRZ4V2ZCnzV5I.jpg
9d0e3ad5-706d-4851-a675-94a429fc0d45,800,4,https://b.thumbs.redditmedia.com/lRQJRFbuo3YtL7eOHtBnwT9YY-EdVezeu0haPRdHjZo.jpg
3c077524-0640-4cfc-b5db-fc0f468a2b5f,-1919,4,https://b.thumbs.redditmedia.com/BdYKq6tzLqsbt-W3qwKgPyLhWgLgDBbgXhVlniWhuLg.jpg
953a5d58-14e7-484f-9314-15d26a7e3ae0,1781,1,https://b.thumbs.redditmedia.com/MhvcOYrMX68eGa99WD7gCEL3DZaYLEKBBbM50NYvFUA.jpg
bdcb4b2c-7792-40e3-9327-f81cd358fe5f,1904,4,https://a.thumbs.redditmedia.com/yGhA3BdcvCoQfC_qAfs7NLnDj4qIyrbi9FS4iuREAy0.jpg
fe809a8c-bf76-422d-9e52-8508ccecda75,-350,3,https://a.thumbs.redditmedia.com/OrrlIRWmPaZ_iO4tbF9dwKBGe6nOnx7wWptLv0jleW0.jpg
f4a0f1d7-a2e7-4795-97c1-4834ff06a9aa,1500,1,https://b.thumbs.redditmedia.com/L0dWJcXb4k7mDHjCKbknQP7zM9EVcyg9Ou2ZuTOdu7M.jpg
bf35be56-081c-43cf-a69c-e04bf3cdbdd2,-1246,4,https://b.thumbs.redditmedia.com/T2lGAme4Pd8r7fAzNNwRwmHUN__ntTT-EUILJNwVIdk.jpg
227a9cfe-e7b4-4325-ba17-447799dc8847,1450,2,https://b.thumbs.redditmedia.com/22mUt3vodTyOFwPpUIc3emisCTfUfnXqX4Ah5IlKtyY.jpg
0916bc8c-f570-4a1b-b544-ab9866a0198c,-22,4,https://b.thumbs.redditmedia.com/gXPsA3mWMr8U4rQ7IwTYok78lHqJwJYbbowW1sIYOaQ.jpg
7ba2d597-c999-4688-a851-c01521fda5e4,1813,4,https://b.thumbs.redditmedia.com/CbjP2GsZng_lCJNvcULdk-_eDp1OMb9ZKRKPRTT4-Nw.jpg
afffef10-9d02-4254-8eb2-1ca30250cd1b,550,2,https://a.thumbs.redditmedia.com/TuBzQU4NJdxPyxjx_LigHPKbZOfY1kbQ63BxVxV1hA0.jpg
9c00b7e2-bcd5-45c4-8744-63f99b42e2c0,-2977,3,https://b.thumbs.redditmedia.com/Vh_CNdaKPFmZrqrHYOMJHI0LwQphqFy1ZynePMPrS8E.jpg
96fb740b-77cb-406a-a678-f46d6b888699,150,3,https://b.thumbs.redditmedia.com/ZQjlHHn-5pRhm1hmWwBBpiao8FraW3QtOinu60PVf5s.jpg
6e523b19-628f-4c98-87d3-bd8467cc5fb8,1491,1,https://b.thumbs.redditmedia.com/sVySUYlP7wcRHGXVqrD_mUwT9OOkFbogqvQvbswB5zo.jpg
2281ea0f-82a2-4c18-8755-64817c7c2c24,1840,1,https://b.thumbs.redditmedia.com/iGWDiU2XoZDS5e30QUBTRIS5ZcsycbzKO3a1OaCdb4k.jpg
ffe6fc15-c325-4bdb-86a1-14c4d9a2e7fa,1500,3,https://b.thumbs.redditmedia.com/MvGgm6qAtPnLVXdvO4s5qgemgR9Bvb-Slfh72C3AzAw.jpg
791a1d12-8984-4625-aba8-20b78831eeb1,-1177,4,https://b.thumbs.redditmedia.com/MX7fzg_4urXQXKcvWffSori1R2icdz0UzRSdhpBcyjY.jpg
60d6955c-ee38-4b76-b733-c46ddfa994eb,-1891,4,https://a.thumbs.redditmedia.com/nK-3TIr967J5v0YkLU9bpKbGq-3QgUTou209h8VduN4.jpg
b5c3c9fe-55b6-47ac-b9d3-2dacd1b7d604,1904,1,https://b.thumbs.redditmedia.com/AvcB0Swkt3gYMCPMDB2n0vWu1uHkbFk1vTS4jcxbBzA.jpg
4b4233ef-ed9e-4e20-b830-1e69c45be4d2,-348,4,https://b.thumbs.redditmedia.com/daQ9Ut7LAhlqTNqy5iMxPZDs3U1rAhNdW6MyEiBz9cU.jpg
c7742358-4ac7-4b6c-b917-941c4046266b,1825,1,https://b.thumbs.redditmedia.com/etgQJQ92VeIndU96cyd-EaewqE21EtbRZxUmxYPjFJo.jpg
6b63c896-b24c-4fe5-8353-57839b36eb87,1300,6,https://b.thumbs.redditmedia.com/1JgCOQjYJcZW-JF_NeJXyo6TOgxE55-SWy-1jab0eWI.jpg
0dd35488-5275-4e97-a1b5-157179d69ac0,850,3,https://b.thumbs.redditmedia.com/_HmAhjVlvyAvN5NLjptxgWRvze-wWT5otYuVtaWCbHE.jpg
bfb29b51-6364-44ab-b5dd-c5b7c597cbc8,500,4,https://b.thumbs.redditmedia.com/2dSy-sNpNGkjRoy-QOQHlVMfomoVG47r5NJP7qegQAw.jpg
38d6eaea-1ebd-464c-b04f-dce628d699d1,1015,2,https://b.thumbs.redditmedia.com/MDtSS_0iw2yOcxyAhYwf8jCZzPeJCIN9i7slCSQw8EA.jpg
03274066-b28a-4e64-838a-1cc4c0d5e328,300,4,https://a.thumbs.redditmedia.com/5CSDXaRdTGCS4DCp2E2bgBxiBlHFBLlFmj62GDx8NQ8.jpg
75be10e7-fa5f-40a7-8102-a6b1c522b068,1658,4,https://b.thumbs.redditmedia.com/0xERfuEcftu_AKJ7Ko792Achp4M4at88yt4wvcRp_3w.jpg
5259adc6-3ff8-458e-a6dd-4058b46a87df,250,4,https://a.thumbs.redditmedia.com/axw_XBrEMBInN-I_mnXmfe8nDOXdh9GXk9PSIItns-0.jpg
ab6ec2e0-b910-4ab9-8554-4cac155f8259,23,3,https://b.thumbs.redditmedia.com/Wy56x5Ulx-qr4jFBj1lswvUznU6HQozL9VZcJ3sgLOc.jpg
ab7a802c-c2e3-4bfa-be0d-906571613eb3,1175,3,https://b.thumbs.redditmedia.com/gVZkQ3WsIzU9LL3gpu2rmhmJbDKeVz3V5H_KP6rz7vM.jpg
54e5d4ed-49d7-40ff-8072-1743a8958892,1914,4,https://b.thumbs.redditmedia.com/Cbsp4V6Si67foqi8IWZBviivfmPycmQcL8EbWvdVVZk.jpg
4c1964b8-3675-443a-8cfb-897659759855,1730,3,https://a.thumbs.redditmedia.com/Q3RnFgQwtkpFwJQcNxuM6f69_NQ-J7np6hUZxdtfxk0.jpg
2a1155cb-339e-407d-9e94-8153a6ab62a2,-772,4,https://b.thumbs.redditmedia.com/2zELUKwa5na_xFJFwI6NX_BjtVU-QomsfNsVSJs-5eA.jpg
20319657-3e92-4140-bd33-78747c2a69eb,88,4,https://a.thumbs.redditmedia.com/ckwSHyuk6j78NAAi2O6V_Sgg3nBOLxc6hl-1tzaHQg0.jpg
35cd92b7-3fc5-4b60-95b8-9ba44b207953,838,4,https://b.thumbs.redditmedia.com/XfKakNx7_BkRal9ijR4PoctabIGkKHDd9-Y9Nw4aGbI.jpg
3382f007-968c-4e7a-8ee8-e644f73c09f1,1667,1,https://b.thumbs.redditmedia.com/y7B0lMnovsaCylV8rFkc-Ekk9o6sxFUQTx7akIx4rUo.jpg
c6893ac7-e4b7-43cd-9f70-ea856943c674,145,4,https://b.thumbs.redditmedia.com/J1EJybomM20rB8GYHwVm2SnZn-FMj8J_KCfzAWlKkKs.jpg
c16ff149-05f3-4793-b838-ce838410bad8,1893,4,https://b.thumbs.redditmedia.com/7UlvqalilHgoSuLXpuQlun7PGNYn9alG0wrZG99XcoU.jpg
342e4311-c228-4977-ae58-299a9d698d23,850,4,https://b.thumbs.redditmedia.com/9hFhbevfKtdDr12tw2HgDYm5yHY_DNeqKiW4njWuqgw.jpg
dff73aa7-a9c6-43c4-accc-a953fa9da15d,1580,3,https://b.thumbs.redditmedia.com/xjykFvshwAoWS4JmKmlWyme-Vpp14MA0f8RxtIZt4cc.jpg
1865586f-18fa-45ab-8ceb-9168c0b4d538,900,4,https://b.thumbs.redditmedia.com/4YV635pHrP7BCNnG67c4NBMibi_lUHmIUWtnPvciJ4k.jpg
0d7ec227-440e-4f3d-8d5a-8953241a23f7,850,2,https://b.thumbs.redditmedia.com/eLIWaVvAiAyOt47aSGG-4uEd9iZsCet1se85TYa06Io.jpg
506fde34-d243-45e7-92b1-0cf6dc4fd186,-1100,4,https://b.thumbs.redditmedia.com/8OkoaMRiQpQGLwkurcLSv5bHlmsA9ZtIQ36YVps45bc.jpg
f1a4a5ef-8252-4d6f-806a-79349e192fc9,1050,4,https://b.thumbs.redditmedia.com/GWTWmCSv8jZOb8NA4aA1GjELC3bny2h7Ta7gItNtJHw.jpg
4ff3ea0c-fe40-45e9-888b-6c7aec59dc70,-600,4,https://a.thumbs.redditmedia.com/hOWRi6HuDbcmQWOkZVorvvgLxsRyzPp341a_0uCz8R8.jpg
a6a65a46-838e-43cc-b156-1eaf7d95e74d,1388,4,https://a.thumbs.redditmedia.com/8cgj9sJsYn1TB3BLdaM5aKx6NvrVz5c6nmURq2FBOA0.jpg
8345d08f-4c0b-47ee-bf97-2d6271fe8e3d,-26,4,https://b.thumbs.redditmedia.com/0kRrqmShkwSW0jXJKZGsmBS0wtaXcBsYK-ssQAM3IXU.jpg
2ee70682-09e0-4a69-ab26-ccd5076915a6,-600,4,https://b.thumbs.redditmedia.com/xElOQvy1QwC55RW_Ta8SeKv3VvWDuBGP2Ktyy814L1g.jpg
2a6d7c2a-2a95-4f56-8f09-1e5fa24ccd78,1840,3,https://b.thumbs.redditmedia.com/CFem2UsV_fPrImAUjLLo7UJxjlEwELOd-RrIfa-cfUA.jpg
511a93c1-1aa5-419e-890c-210e48d7de22,762,4,https://a.thumbs.redditmedia.com/nCzJMjUAhC95WK0jPH-uKCtqdbICA1nm9LntVYvkxs4.jpg
fc37b7fd-861a-42cc-bab6-bee848576eab,1869,1,https://b.thumbs.redditmedia.com/qjgTwz_2tZ4D6YJirG7JWhZRS-IjpTEnPsTJqCrpJ0E.jpg
08eb6ed9-5607-4f6d-ad2d-b62a3ef1ceb8,1750,2,https://a.thumbs.redditmedia.com/6_l9bCYJEklt5ORbjI_h_3fgwmt1mYvkKnOdM8nyel4.jpg
6107a50b-5ec7-4fed-99a9-4d73512c31e6,-450,3,https://b.thumbs.redditmedia.com/R1WyhNRasTrijT0C2TuIPq0Rv4ux5CY0D97Qycvke1M.jpg
2ffa8f21-c4d9-4836-bb38-32b3343b0281,150,3,https://a.thumbs.redditmedia.com/v40Ba7EEtl1XwwbuVFljMn95j1dG4CYpbXwO5GW_UG4.jpg
ba65b086-d069-4842-a80a-28410b04bc30,1150,3,https://b.thumbs.redditmedia.com/8yb5yRxSYl93ZMAO-sf21wyH4O_T4V3OEApl_tlm4qs.jpg
c76910ee-19ff-4b5f-a58a-66c1bd7346e3,-425,2,https://b.thumbs.redditmedia.com/JeypYVvdW_YKfGRl2wIUSxzNUfaR8y5RDtFXPGTfv_Y.jpg
7dbbbea8-b128-45e6-83ff-1a69eaeca20f,223,3,https://b.thumbs.redditmedia.com/CGCwR7Ott3-JTpRf8B4ium9S7-C1H6ItL_YStkfIYtQ.jpg
e34c58c1-4d3a-4c1f-9874-85127e3b142c,1850,2,https://b.thumbs.redditmedia.com/Q_XlSni8PRR67MNfMMa7e7hcwDXT0DHwusGDRQRorPI.jpg
89eb9115-5f41-4481-b98e-f902429d2a1f,1859,1,https://a.thumbs.redditmedia.com/beoKovIFcLKx__ms4YrkAJsGzU6zrPWtv9xG5a8sot4.jpg
35c78a90-7e93-425f-b98d-63f69a936e85,1766,4,https://b.thumbs.redditmedia.com/v_SCgJs16ddhxy5B2w8skSZgi4q0Nx2Ia2jQpXVwOdg.jpg
a809a931-5063-4707-af80-5bf75a9ecb40,1150,2,https://b.thumbs.redditmedia.com/vsewnNulOy2lJFGrLR37i6c6GNtud40X1Ub1EpY7TBs.jpg
61dd63f7-26e2-4b8b-bae6-50e37b581382,15,3,https://b.thumbs.redditmedia.com/QmzfEcQ07YXLnwQneRYN6JyEhQmuSslBThC26T3uJsI.jpg
d090166f-d288-4b30-a3aa-b8b5bfa9fa66,1900,1,https://b.thumbs.redditmedia.com/j5Gm_F-CO2pedQnLUILFnzACyhZTtCdmAhVT2zCxgFk.jpg
1da146fe-4285-488d-8602-3c0ec1252caf,1050,3,https://b.thumbs.redditmedia.com/iqV2_hV2DH7o-K9Brb-snWoNo7FNqlMu8nY8mZqpwCQ.jpg
da56f4c3-dcff-40a4-ae3d-085f5f179a35,1550,2,https://b.thumbs.redditmedia.com/oG5mtSrXeHWjmmM31VQu6QjBvkU5o2n3xmmL3G0-p6U.jpg
36116c6d-67c6-414d-b402-d124dbf5db64,-800,4,https://b.thumbs.redditmedia.com/U1bKCXtJcVJ1XVXBoQ6Cpf-6fV4R_mAxh_kSeyu7AqU.jpg
7d63ffa6-0b29-4e8c-8261-5e8fd41148a6,-350,2,https://b.thumbs.redditmedia.com/-e1zGfoZr2Rvt2BWXIEfeQrC1m4ojlyVs2QCfnXPMPs.jpg
64c6e0d9-1bb8-433a-8e50-bd28cb9c20d9,500,4,https://b.thumbs.redditmedia.com/0H4_1hewXEUuUglbbftO21P9ROw1hH-UMmxNowVEESE.jpg
491f6f7c-5c48-4bbb-81d1-26b5eeb5332e,1688,1,https://b.thumbs.redditmedia.com/_nyd0VKLNLK0EJOo44EQJGC37Jtp8gAUYV6GYJVaDig.jpg
f3f9ff3e-7b83-40b9-9ad9-a644e91aa442,650,3,https://b.thumbs.redditmedia.com/av_CSY7otQ1swmtujJSOPi61Maoi_sjhd3GNpRs6hZs.jpg
3ed44a12-6585-4df8-ac16-6deecd62f101,-50,2,https://b.thumbs.redditmedia.com/Pqz4ITyzgYra2bfgyyuADrDeEsT74yvpnuVYZ2YtNTQ.jpg
84664a46-b426-4037-92e3-ebd42a1dc574,1890,1,https://a.thumbs.redditmedia.com/vX8YHWnYY3fqo1D2cZfogJQnJKasfVowOFh99N2HcF0.jpg
34c01098-b3af-439b-a4ec-3520ab9658fc,150,3,https://b.thumbs.redditmedia.com/1HtTrqfmbkjZMQLd_zikBNM1nfvSZcIoKsuoUlBz9PY.jpg
b7b32a50-8d1f-4112-99fc-aebde562eefd,1850,2,https://a.thumbs.redditmedia.com/SwK0OJbnoT8B2zAnTq8fTd7M4lkG5Ed1EXz2twDma28.jpg
84074d04-5d46-469e-85c0-7c06f7eb662e,19,2,https://a.thumbs.redditmedia.com/9MCU7gYrRnXSz3T9bE4NXpMfaLGfPT-_kTj08Z5Y_t4.jpg
df542055-7c54-43ec-a536-26492af7d75b,650,3,https://b.thumbs.redditmedia.com/G17sD_2giI-QUV_Tb4PR1mZov7wUvO7BbRu9lcwpD2A.jpg
d000003e-d91a-4ae7-bab4-ef0dd07f57c2,1886,1,https://a.thumbs.redditmedia.com/mc-8E93YWR5GPIPF5LLKRsu51vnE3XdZn9MpjSKzeH4.jpg
304ad5a4-07cf-4fb5-ae7f-c9281a6da318,1455,4,https://b.thumbs.redditmedia.com/qIN-ZSfW8KYaH5tavGXuNlpjafP9dtHA7gmaQ0sxxVE.jpg
055ce4fc-4643-40bb-ba7c-dd8e4d9d09c0,-400,4,https://b.thumbs.redditmedia.com/9AJu6CCM8S12CwjIkeEidS_Z-lMHyrib2MkDLm9w-rQ.jpg
ef8ab0fc-d057-410c-bf1d-06f58621e816,1460,4,https://b.thumbs.redditmedia.com/H95pWgPuKRrF06uMrhOPS-P9c-BIG0BQ34kiG7nBtRY.jpg
dff0e0e2-e6de-47fe-b92e-7f69f6d4a2fb,1828,3,https://b.thumbs.redditmedia.com/OjxhGfTfuBsL0eoJ1v3cWvudrGeQk0bXyPK6tfGdXrs.jpg
a2a3d6f7-68a3-44dc-a9db-f42c99658428,-100,2,https://b.thumbs.redditmedia.com/TUHy7aHKpmva02-IaozAxhMt_p0m9f0IXkXMgq0b7IA.jpg
dc2465d1-ba71-4a33-ac1b-febba15f8d21,1500,3,https://b.thumbs.redditmedia.com/8aLhW3sHm3FOwA-S-2aiR-yZqgj4bsC8f3UnNSuy7QA.jpg
0bafeda2-c54b-4b68-840f-7491a5d7aac7,400,4,https://a.thumbs.redditmedia.com/BD6rdhIcD4awZCzCJkFzQuus9bLH9uQXRF13T3CBZJ0.jpg
7e33c21d-2d3e-4efd-bb8c-3d6cc2f2364c,1350,2,https://b.thumbs.redditmedia.com/mVDZMG-VtH4Ucg_fmPPS17gQWoP69iuV6SKcBR0MA1M.jpg
7ff90655-a746-41ad-b682-e4428dcaee7a,-1500,5,https://b.thumbs.redditmedia.com/1x3iIxmEwHdpIkyRdcX_1n1MMEGtDhS52DByGknVQug.jpg
3b8ae4bd-50b3-42e8-aae8-47efef2ae9e0,1475,1,https://b.thumbs.redditmedia.com/mZxaKMNPG2qO8LN0d-gIgEjyhSH3QJen9TdjK83QEuM.jpg
f23c85c2-579b-4da7-a476-323c9ebc1840,-1550,2,https://a.thumbs.redditmedia.com/8HDB5rcjzYfakhZGK1q3_AH5W9DX4E73tqKOl2a_-l0.jpg
8e3f018a-d1c7-4b35-8f66-a01c589587cd,-605,4,https://b.thumbs.redditmedia.com/f5NqQ3kWWKD9yx1RQHKSVJUDBMfg6e0sVNFDidBedNQ.jpg
82b1f416-3dd4-4b65-af1c-ac756126d80e,1650,3,https://b.thumbs.redditmedia.com/GWbJSDMFjeN8TI3WfR-5bM-RSWEYbqiPIJMxRTZYghk.jpg
f9868225-5197-43d8-b27c-4b475e02fb5d,1873,1,https://b.thumbs.redditmedia.com/LlUrgWkGxNwu1QLnqX4GqMmpn0BeosPrQ2xJrHENhKs.jpg
3b61e4b1-53a8-426d-9adf-bd99648cfdc1,-350,4,https://a.thumbs.redditmedia.com/wuDYFIIO7UarAPv6MzsqJDjxQl5XWdftyw0PHzlkhD8.jpg
6ede8b08-2f81-4a42-b225-52d7e1999c07,1211,4,https://a.thumbs.redditmedia.com/vk9LZSMEpXHliLdtSMuI7rcF4ZA6lX9VYzoifnXHze8.jpg
9971b2c4-58f7-4f41-aa32-57bed235efa8,1901,1,https://b.thumbs.redditmedia.com/a11iTerP65FBZrokmFFAegfW2Nf6seyI4IEfFX1qL-M.jpg
d98a9d03-3993-4bd1-a9d5-4e831d27be28,1250,3,https://b.thumbs.redditmedia.com/pBXy_XmJVDwlqalAaFmJPP_ZshC6JQQTTuRbwofn00w.jpg
7e4a6aab-0d07-4879-b40d-b1e729269019,-19988,4,https://b.thumbs.redditmedia.com/vA_Eq5U7RSYS9-CJFjijjRxbWKMs95i8rOl8pH6F5NM.jpg
3127f114-2ab3-496d-9d6c-1f09d7af5950,1500,4,https://a.thumbs.redditmedia.com/BuImIvE4OJ5ADPuSnItFaJ9HkTXpPsWdOPNF4fDi688.jpg
1272a255-0b0e-4f17-a8f8-1f9f9c409bba,-1150,3,https://b.thumbs.redditmedia.com/p1aURu3lBpV3A4QxvZxNqBZ98NJi2GK-DF06Uy-QF9c.jpg
d9341c44-03dd-4b4b-ae26-3c41ad202c6a,53,1,https://b.thumbs.redditmedia.com/z9WovNfv2-a0OfCp_V7c_nMpfMSJ0a1PqVW8hH0CK9g.jpg
6bea805a-2c46-463d-934b-738c366b4c0b,-643,3,https://b.thumbs.redditmedia.com/YnM4TRqFY5V5O7FHVM2FfFUCDz0MkXLhRJTD9AvVN7E.jpg
d81e63d0-91a8-40e4-aa4e-bbcd0ebb4e20,1650,2,https://b.thumbs.redditmedia.com/_c0DqXmjIg6HxqvHf02YFEsDmxFJj-TrSD-fC8FYNEo.jpg
d6ae8346-e5c4-43da-b7bf-a8985d3a84b0,1250,2,https://b.thumbs.redditmedia.com/rYODLRzuCW5aKoF4pACJGeKF37t6XO0mWmSFpCSU5TU.jpg
14b49b85-32e4-471d-b75c-966f25363d66,1535,1,https://b.thumbs.redditmedia.com/irQ2Ndk3-JPh74j18jKAdDViClFDUR2LUPaNsUKRBZE.jpg
6cf0eda1-742b-4151-9106-4e691483769a,425,4,https://b.thumbs.redditmedia.com/rL0EPXKWRyTnbyhtr8M18BfvJqGvvc33Z9TsjzdP1Ss.jpg
75b8432c-b949-40b9-a673-4563944811f1,825,4,https://b.thumbs.redditmedia.com/vIhXnghklFhfbFUSqkgUBPZBr-JUgPL2-08eaJyeB0I.jpg
91b03e8f-e0a3-4890-a3ea-4b50673ec652,740,2,https://b.thumbs.redditmedia.com/bAlQgIGGyoac0yvU0DmjKTbI4sk0SUfeVy8Ir3rVKNE.jpg
0700b602-7295-4534-9f4e-2f7c91a6d957,1165,1,https://a.thumbs.redditmedia.com/Hgxf5o0FRbZywjG7I94x7M0w4uON52JXfpsUlwEqhU0.jpg
b3b8a794-234d-452c-9812-bd107485439f,1810,3,https://b.thumbs.redditmedia.com/2-_11e_aD1U56nlZVRQww8z8BddnfbyNEOn1zShPRqw.jpg
84139b0d-cef3-4fa0-9b5b-32be91ffe0ae,1622,1,https://b.thumbs.redditmedia.com/1055yxzyG2Pzp1mMPU51BVajVyFFp-Fgh2uurjmtgnI.jpg
ea2cb7c3-7572-4483-8569-c2c9a9963566,1893,4,https://a.thumbs.redditmedia.com/5zfK1zjaktZUYHC9aB_kAPe16WiZkH0inwIa8K4glb8.jpg
e0cddd19-58e1-40b7-aed6-7aa8b87a2e98,1885,3,https://b.thumbs.redditmedia.com/kRJos65jnnDy9UvBaCHNXnXW9h7QmEcUaj_Z1ZguVVU.jpg
3ae52a0c-6ec1-4f71-ad03-56be763618a0,1725,3,https://b.thumbs.redditmedia.com/knuEV3Fr2Rt64ekLmnJOehieVjKy5biKiKfnbzIW7eY.jpg
13657f6e-cfb3-4000-a566-0e882af8257f,-1371,4,https://b.thumbs.redditmedia.com/DSyX1JkssbeNetwhYYFktjKktC8tBa7X9XnX0jEhu4Y.jpg
ba52f34f-de91-43c2-82f2-7397206a6407,20,1,https://b.thumbs.redditmedia.com/ZRDTPLpuSqekbhc5PoV90Bi79SN4r96exfxVHwDIY8Y.jpg
2ec338af-d008-4ee6-8689-cf6af6fc677a,-1323,3,https://b.thumbs.redditmedia.com/RrOzZm1cw7BlJsBmJa4EbEPZ7eSao0rzXztbI6gxRcY.jpg
f79bc876-11e1-4fc1-b896-f1686c4f8070,-1323,3,https://b.thumbs.redditmedia.com/Cr4zIdeGDGSoA67YN8B1CP6MBQ25lWkUCHCNzF-eYCo.jpg
75c6da9e-33ee-4420-9035-c9328e40d1b6,450,2,https://b.thumbs.redditmedia.com/VKagaSC5-SW3uYKiRFD2eZQtfhpn0l-HVX13zc62tvU.jpg
7cf39bef-8529-48f2-b20e-f79d6582f489,1850,2,https://b.thumbs.redditmedia.com/TRYEb8Xb0We8qXV8h-f3I8BYHJ4zbUO3grn7luMUNFY.jpg
cef6607d-30b2-46ea-abc8-643763085b8f,-300,3,https://a.thumbs.redditmedia.com/hjmIiygOyW9dsQxRfyWdpoIp-6YDgYP_2cyJkG6b524.jpg
0a935963-6350-4be7-a62c-0ae5074b2329,1750,2,https://b.thumbs.redditmedia.com/f2Z1ab9BW1Da47IQIUV5DXbp1mtGStYHMFHY8mlRvfY.jpg
4a4b4a86-5268-4202-a624-b36e8da16353,-1177,3,https://b.thumbs.redditmedia.com/FoZSYcJ8fDjhsFAlnnLftTA6xJYkGf8DJthK5Tawh-g.jpg
ef1a9cf5-9fc4-49e5-a874-c81bef3b6423,150,3,https://a.thumbs.redditmedia.com/IFcftnf93NNtJU9I1OJ9l_2w4Thr8AYXpUzgmR8lpI0.jpg
2f50940f-ab8f-4b81-b9d6-f150609debd8,-1350,2,https://b.thumbs.redditmedia.com/-qK0xTyupc_Yn8pHxSDyYjXWYIVE-_9w1QklMbVTmMM.jpg
5e866ced-195d-4cb6-a2f9-0a792c6f0a90,38,4,https://a.thumbs.redditmedia.com/q8ZCYS7oxVDoPa2ipKJBPJ5UAzPgcm5hH3Cz4Z2TaA0.jpg
5422aefc-7943-4c23-a938-fb00cdc0814d,-1468,5,https://a.thumbs.redditmedia.com/y9OFqE0Vm-ePQBnaBajsDmfY2nkbm7LvkIJ2wEod2C4.jpg
ff593a00-35cd-43d5-a1de-3c0dc804db01,1550,2,https://b.thumbs.redditmedia.com/kKyzbqfHmgYpcvNIAJsNnJJrI1Ldupf4tjFz4dGKqwI.jpg
1a1c1b29-d7e0-4c22-bb1e-fc308c666af4,1869,1,https://a.thumbs.redditmedia.com/zWjsdNJLn8TsZZp8mlxBL0hzRKTrEDc5tXY3WIly_b0.jpg
dc454f3c-7b7a-4b2b-89e5-7887e2b77054,750,4,https://b.thumbs.redditmedia.com/dIoHXGzT7lADs3DYVviQD4zQpfKiZCjj3dBsNGLGcfQ.jpg
31aea687-f55b-49f2-8f11-8ca3506639e6,1550,3,https://b.thumbs.redditmedia.com/JQGg_I9bsYNH9oFlApjZNUerSmzv7faEeacMGSp-BXw.jpg
5fff1379-9aa5-41d9-adfb-3cf6c4dec3a1,1650,3,https://b.thumbs.redditmedia.com/nPfxPBgfyP1ZIbnEefN_6EJ4QSoUXqvXt6xzwJQhHpg.jpg
8a6cbc8c-b823-4e4c-8cbd-cae3c6fa3c1a,750,4,https://b.thumbs.redditmedia.com/zwvXCJKpyzRXUQyYeyvl8BQp_Bvr-aqehwVtlI1HwOE.jpg
41e898e0-06e8-4ba1-b4ff-2d1b7a955d48,1840,1,https://b.thumbs.redditmedia.com/52ccXS-vYN4vi_QdaETolvCIncr9O1hsfiml3nI5QKY.jpg
d3328abc-ea25-4f1b-aa4d-e9470d68e224,-244950,4,https://a.thumbs.redditmedia.com/3GbKxKKDefiubFJPmT-VaYaa_hnOBdcMhKbxFk2nJA8.jpg
0a83ddbb-d8cc-4dfc-9966-9a543d2dcfac,150,3,https://b.thumbs.redditmedia.com/Cvc0W7SMM1402jzVcfdtPw9rgPVmZdMr00QbLgRyzhg.jpg
553b81c4-413b-487c-9b2a-fa3a1d32ad91,-1323,3,https://b.thumbs.redditmedia.com/cYQdRJ94GjSztABiliBrf_NMQuxvwutYkHK-pes6FtE.jpg
186abcf1-71ba-482d-a011-f849006bcfac,-2387,4,https://b.thumbs.redditmedia.com/r6gl6OssAEwdcNdvAvi7Loip3xnh7SJMwZTRB9ih3aw.jpg
592849cb-5159-435e-9fca-75929f0deba7,-640,4,https://b.thumbs.redditmedia.com/dZvHnPx7Q8oh9B3qZzBr9P_l2VERIIStC-rZO9Q1f6o.jpg
cfc736fe-2ac9-4e4a-9afc-aa12e32a9dd8,1890,1,https://b.thumbs.redditmedia.com/INH31mnopqsfulmfv6bWZvHG5TAy4bVHJ4Cd08tHmcQ.jpg
9f0b4256-fbc5-4b26-82a9-d853caf9711b,1650,2,https://b.thumbs.redditmedia.com/JE64Qpsyb_KuaI6hAl7UQAnGxUG1AVtEFOnGRJ1JBNw.jpg
65836c0b-9623-4675-89b6-159aa4a76757,-1900,2,https://b.thumbs.redditmedia.com/F7wZq43HNbYATJVrwZCFbA9YaDJCtkyPKW5jN6WUSOo.jpg
c4aaaa96-f5a7-4dda-b16f-07135d76f420,-2375,4,https://b.thumbs.redditmedia.com/XX15XONAYimkp1-4unIwGkWEQz4uXqM5OBRrxyDpB6Y.jpg
0a56fea3-dad8-4d56-9395-441737f6ed50,300,4,https://b.thumbs.redditmedia.com/Msp8XJetTsatTyNZm0fRsoH2M0-1N33Zq4tzrlgPK7I.jpg
fd6909b2-1308-4b64-9a5a-4b62d654cd3b,50,2,https://b.thumbs.redditmedia.com/nh3K5072cy1J4s0l6-vacOu5LAaMLYmZWKJOcIh7XRM.jpg
ac9ce3e9-4ea8-4b6d-9cb8-e880dfb2076b,-230,2,https://b.thumbs.redditmedia.com/OLDA-h6XLu8Rid8oGYyK4Kl9OBKPrK1Lp5my4TX_1Gc.jpg
dc3ac4ea-f391-4e26-897a-5ef1851f8408,1500,2,https://b.thumbs.redditmedia.com/Iz7rINBxS5NRuwXZaUbXSH5lPJZBUy3mH2d4h94s3JQ.jpg
3ceb8087-c655-4259-ae0f-d0fd40d43189,1778,1,https://b.thumbs.redditmedia.com/S5oawmFWfRtIVnO93H1zHgxYY--7dTyOegnVxiVwz3E.jpg
b7b9c43b-db6b-45cc-af37-5df939b8dc69,-829,4,https://b.thumbs.redditmedia.com/2IR25Ba5CTcfFMuefbSaI6i-QyQlFCHaVPS3XCaTEbM.jpg
77bec926-6edc-4367-a3b1-0c6cb8a9f936,540,2,https://b.thumbs.redditmedia.com/lLxdg1wDXdGLpa2gSCcTbG4S8fqeB8ajhhMfcdWVHhI.jpg
08a3b67c-717c-459d-a76c-e16e15c026c5,1700,4,https://b.thumbs.redditmedia.com/rAwwZ-AOvYUAkklu5DH2a0cBjFwH3jV3Cf7IeW3gDfg.jpg
9be69906-3c69-429e-9b94-219d41440b18,750,4,https://b.thumbs.redditmedia.com/TUya7rcArwfaBSRfaOWL5xU_ZZfFTq_Rctk4cWTgP0E.jpg
9eaeb238-efcb-441a-870d-4dafa672700d,-400,2,https://b.thumbs.redditmedia.com/2HL_K-NUKcJtTVAXgjFaKkazu3ED5l4rJOMQ2D5PLiA.jpg
f62c39c4-279f-450b-b8c8-e3b2ebc8d1a1,1794,3,https://b.thumbs.redditmedia.com/uWAJBE5TJj8ZWwC6aQDOpemUCzH0UAQLx0mVkStu_2c.jpg
c63e7346-ce59-43ad-8dcd-d92bc4dd8d18,150,3,https://b.thumbs.redditmedia.com/zlEqJ90w7aAR-SPK8SJN5C2wrxW44Iu2OT8nONJTdEI.jpg
550c19d4-9fb1-4ee7-a910-b2048e60a1f5,1150,2,https://b.thumbs.redditmedia.com/L8thHJNFrIGRxU08noUAObPjA1qpDimAD27UrFexhPE.jpg
c9b0dd43-6156-4c2a-abc5-5c25a7bec98d,1865,1,https://b.thumbs.redditmedia.com/elchLqG9__M7Y8szxMEt4kGKgP1s5o5ZkawYwITUjnA.jpg
542de30f-2479-4bf7-9e52-981a64f1cbc6,-435,2,https://b.thumbs.redditmedia.com/tkqMCnJTcdewaiIlhlLnFIbx7xyGwoHMrqcmC2znq7s.jpg
3f2dabf2-268b-4bb8-839a-42561859a825,50,2,https://b.thumbs.redditmedia.com/Ed41lJ5lq4SKc-54EjrDGrS1AknQTlo-vo2eoYhL11I.jpg
5c5964db-c9f6-485d-8721-04f9522d980b,546,4,https://b.thumbs.redditmedia.com/hLJxJqCcP_vtIvD9LhdFqt7dl8TfTPLba2gmpElFFvQ.jpg
1830c5da-c4f8-49b4-8775-36e2235ac531,8,1,https://b.thumbs.redditmedia.com/ZNQQl4KuHZT3MLSIxwdJKlw75rf3byxl3wDZu9WXcCs.jpg
50dae233-5871-4911-bcf9-0cb3be8271f1,1750,3,https://b.thumbs.redditmedia.com/Vi73aTRSGgBpZ4NLEuXuRFRccN3Z22zd-3B8gXm34qg.jpg
a656dc81-fc88-4c0d-a815-747f38c46056,750,4,https://a.thumbs.redditmedia.com/TMNHgcLtExm7ufE7BhQZACMyrG5v3gUYibCr7CkHox8.jpg
2d3f6164-1f01-468d-8308-885539efefca,750,4,https://a.thumbs.redditmedia.com/Cfh24YxNO2Bt0FqbrjDcnRHsu_jFlIqEa9xewcZgCA4.jpg
42cd1f37-07be-4fd9-896e-edc1e180a3d4,-1279,3,https://b.thumbs.redditmedia.com/7MQ78z7ay7Je_StE4EeWczxoRCuBwIrJoAVk7vlfsvc.jpg
6261f140-ba04-4b2c-92c2-63616bf4032e,1750,3,https://a.thumbs.redditmedia.com/C1zfRaATdCQ5sfIoeyykNnuu2_ME3byBnXYAmbv_CQ0.jpg
19d7c8fc-6f57-4be2-9547-b023d8a01c52,1840,1,https://b.thumbs.redditmedia.com/3k8hScP766QSHpEVQS9cQLlGWkfUA-xZZ3yMmWXBMwA.jpg
9d18ead3-9c91-4393-a1ad-2586119a4939,1756,1,https://b.thumbs.redditmedia.com/B27iSdPzRLyCkH8FRtG3qOPxmV5YZdzPIzSo1o2cQ1s.jpg
d1a9e29d-6fa5-4d07-a0ff-83c69b4bc957,1536,1,https://a.thumbs.redditmedia.com/HM39euIrEVXXoMwrqhCJdMlDb1KCz7SVFrAbkRqQyS4.jpg
1330a6e8-bd4c-46af-8cc6-2bdd654ef191,-2500,2,https://b.thumbs.redditmedia.com/6UqWdwwBEWWTbOB7L-Gx2KQdsWBdVb_e-XhQVLaNBnQ.jpg
169ae746-5a50-44f1-8702-16b3da0d3e57,1933,1,https://b.thumbs.redditmedia.com/yOgQ4isOlLHZj--zISWdsdpXNFJmYWo2l8OLUMXAY0I.jpg
508b721c-e498-47e9-9265-97036a9b10b4,1850,1,https://b.thumbs.redditmedia.com/exeiFVe4iYN4mWloxMQ2WvxGxXOuzsMo86rVzBAaYwk.jpg
38e78431-c55a-4405-b615-db10800503bc,1840,1,https://b.thumbs.redditmedia.com/LuacxlKK-2uYf2LswRMolnLS81ps4o1TQgGEZqfyZdc.jpg
51d689c2-0e4f-4f45-964f-723e3a52ccda,5,1,https://b.thumbs.redditmedia.com/jRupTs7MucZXaG_egvT08RmnXSCGbwNFMZQdYsZvuTU.jpg
9383fdf1-8ad9-4818-ad19-7e555b7b01b5,1862,1,https://a.thumbs.redditmedia.com/fC0_cIN9KjRoaW0dS1CE8lPzhKKssMtz2ZRkdaV5y84.jpg
1cbac376-d0fa-4823-ab1f-f158b97cc64a,1750,3,https://b.thumbs.redditmedia.com/yrVyn759eQ0FSawfYpQPsRy-lVL-6nOCzuPPt8jqJYw.jpg
f26677b4-f771-41e2-8bd0-af7496c73457,25,1,https://b.thumbs.redditmedia.com/rOcsViu8Gqf16kGtbVHNw__szKHG954s_DjsCDG3oUs.jpg
884d6ab7-ac93-4967-88a6-dfcc2793f267,1420,1,https://b.thumbs.redditmedia.com/5T4R05MtXJK51_nrcRU-oPju_Un3f_A7LJbsZH3kE6Y.jpg
1bd157e5-5618-412b-8785-9cb8e41e5f59,850,2,https://b.thumbs.redditmedia.com/C9-PfrVwIq8ZfSOoBl_O4NiIczP1V6YSJyDYbYIRghc.jpg
87130bf4-5a54-4174-8a63-2c4dbf66a5e7,1650,2,https://b.thumbs.redditmedia.com/2_3qHUXKU7M3Zx7ExKDAoeeKu436cd5P-cw6C82GBkE.jpg
42b85323-2f98-4182-bd47-437856703cc9,1880,1,https://b.thumbs.redditmedia.com/VLLTxVPo4kpnj-9MEsFqs_wp6kRDyB4Ln2sjA0TmZro.jpg
58baf9d8-9673-4e20-96f0-d1dabf7fa830,150,3,https://b.thumbs.redditmedia.com/eIuviHO89KObZSH1x8huRFLfjS3EOLM0Ve8CB8ywIao.jpg
227a7018-b616-494f-bfc7-63861076d74c,1750,2,https://a.thumbs.redditmedia.com/lGHAQgRFGKc3UFwXqRu-mXGS3lXEwS0mxtYd_C26xl0.jpg
3931f2ab-cbab-4ffd-b4dd-8c0f418c6516,-600,4,https://b.thumbs.redditmedia.com/MLueQoasL0kdo4Jz2g23OQVkwfiHEYgNtOyVyD3HXzo.jpg
d50d4b4e-9b22-4b4a-bedf-8804193653e0,1914,1,https://b.thumbs.redditmedia.com/ArwK23s1QW_JOhTSdWwz6dSZG6y4BoNqI5XdCHJBqho.jpg
ce8f422a-e1db-45d9-953c-193fd6874eb4,1650,2,https://b.thumbs.redditmedia.com/vDkVOcLrMcxQH8XjbRNQV1sJhp50LFgRrTQxX2esKok.jpg
35fa0f15-3e5a-4e55-9e05-b252fbfdc181,300,4,https://b.thumbs.redditmedia.com/NKuZgJebZX2pveTzbfIY0o1ZFGiqvCDRb_4ALVUuJ_A.jpg
d5f40ff3-d93b-48b5-b2af-729081fdb2cf,1892,1,https://b.thumbs.redditmedia.com/DF9LOGzElPl-TCJaavyXDVZMAEU5UAJ21i1UP0pkBDM.jpg
fa1c8f01-978e-404c-b5b9-7675e229bca8,1523,3,https://b.thumbs.redditmedia.com/Wpj1GVVMMYvg-qvC4q3so3AG7XEr0OZKadIKpIuXa6I.jpg
426caffb-d1b5-4a3c-b348-e2e7b19f2d69,894,3,https://b.thumbs.redditmedia.com/xqOhujlPf6AUC4TsvZwIrrF6kPdVSn7rHyr8LHDR05Y.jpg
08465c45-02cb-4785-ac65-dad939cec70b,1849,1,https://b.thumbs.redditmedia.com/E3KruK1Cq8KBP6PesYbiVONIN3hIQJmYCyxNr5862bo.jpg
000914bb-5d6e-4b0a-a3a6-819c444cb511,1883,1,https://b.thumbs.redditmedia.com/VnKaBJajwRZvbOwHnhpKKtk0o-6IVKKCbdCKEsr4BpI.jpg
807f4c8a-2163-45f1-bb81-45562598683f,-209,4,https://b.thumbs.redditmedia.com/93al9IpkWLbn32bLj02djUT880Y-AOou9wpd5e48kIc.jpg
4cd92548-3499-4edd-a2ea-010118d834e1,-1125,4,https://b.thumbs.redditmedia.com/3xPGDitaKVIU59zHcPWE2sJbTEJpVV5-8SyZckSI_AQ.jpg
199f81b5-19ed-4907-93fb-6294e896cca1,-350,3,https://b.thumbs.redditmedia.com/_CFW5xjw4oeC1sEOUMMGLh0OJRygTci-YnIoxR0-1yk.jpg
5e9e6e7c-b890-497e-b53c-09799e6ce40f,1818,1,https://b.thumbs.redditmedia.com/da9ZYCOad4eiIcMnQumNecuqmbaW38IWyeFpzi25pGA.jpg
548d69a6-216b-4c83-9e59-4749e4183992,1750,2,https://b.thumbs.redditmedia.com/p2wuRpiG_3hB1c_NETNxQ7iXYnICxgoT91gGuwjVIRo.jpg
db999841-c7f2-4e74-8bcf-3ac5d0eee66d,-2000,4,https://b.thumbs.redditmedia.com/d9gbwqzjQ9CRnuIbSSCAo-Frkvwbpf4xVKDQCN-fR7s.jpg
3e7cc7ea-b88b-4f1a-8a2f-6e58719af7f2,-1344,4,https://b.thumbs.redditmedia.com/5biJvywvGgEIFy6zSt3eMGhHpH_kXCXNdOnJK3_iFMY.jpg
86760403-82ed-4ee8-8541-93c5a0fd5b71,1850,1,https://b.thumbs.redditmedia.com/Qfk3eOFIPsXE-3LO9kGONHUG4Uy5SMZbA3IXMdqpY4A.jpg
f8853efa-e828-46ab-ac5d-31882d84c3de,-350,3,https://b.thumbs.redditmedia.com/zlaGnLyo3LM0UQWx0FaVmyqNEmD6E-A_wk7-JWwABFc.jpg
faee7eba-8f75-44ad-a4cb-9dc05c4a8b63,1906,1,https://b.thumbs.redditmedia.com/jXtIwMVDnPycFhG9tlwN3akBuO9R9DQkKKxN1LndmCk.jpg
d608e280-4354-49d8-8a3c-4bdbccb909ea,1870,1,https://b.thumbs.redditmedia.com/WxcjKNRsz84k7LkfpxWnslJRrjM7dhGFKTBo4TYxNcs.jpg
df0626fd-7b45-422f-8c15-11f153a1817d,1480,1,https://a.thumbs.redditmedia.com/hwwcJlMi-blmY95cFU34y_05g8UWPNa-Yaw14uvZ4Q4.jpg
21799b9b-019a-4fbb-b4cf-794e384119a8,575,4,https://b.thumbs.redditmedia.com/oHK2oVngDSIj2WYXLS-SGZQ3wRqSYenSmP1OzjzX-uQ.jpg
74e9f505-1a01-4d4c-99b0-830ae4832e44,-650,4,https://b.thumbs.redditmedia.com/GYf-5fDeEBF2eblNBf29N459SjG7D8W6yBXP6Za_nwc.jpg
e0e3b041-8d68-41dc-8894-c6b48bbf02f9,1550,4,https://b.thumbs.redditmedia.com/ujEbdurl3buiGdqjL0Eyvdj39K2JREW4sh4Jk956dwU.jpg
a6148bfd-c1d5-4b87-966c-694ee27022b0,-277,4,https://b.thumbs.redditmedia.com/u_TkKKb4r_Hi2hR5xLXvIF8t9iY4SqEmVjcEyaGZDoQ.jpg
c2266107-f1ab-4bc1-adde-0f7be98cdb0e,763,4,https://b.thumbs.redditmedia.com/yLD5u1LPQyDHci9hE_15rmwwm-1c0L9yjSvDd55osgw.jpg
62ab8867-aeb0-481c-a0cf-0e442b80ed40,1332,3,https://b.thumbs.redditmedia.com/WNVD6B59_EUOumI11P0SpvPes6Y3PAjUrGfxUMeCKxI.jpg
ba68524c-dc0f-49c0-93ef-453dbd93031c,-94950,4,https://b.thumbs.redditmedia.com/8X_pcZwZeF2h2EBodRdEzvVbXF-uMkhMNqDlB-YE5TY.jpg
1e753390-4a50-4430-9d55-cfac08a11deb,1805,3,https://b.thumbs.redditmedia.com/JxuOoFlWJQpr4moaJ_tGKGbZ4ML5n8hNi-0D5PIYp3s.jpg
ccd1a5ac-9746-40cf-aacd-ff8c48b5285b,1810,1,https://b.thumbs.redditmedia.com/nvtoMZQZuc4fSSJ1k7sv_rNJLYXjibM3as-uB3zGkns.jpg
d25e4058-3190-4ac9-85ae-18be062229e6,-2550,3,https://b.thumbs.redditmedia.com/5KL7y-bfkxa8YUVPy0cfRTncs8z1Lm_Wx9RsyXgAXIE.jpg
9eeccb9e-60c0-47ad-8180-5b3186a986d5,350,3,https://b.thumbs.redditmedia.com/PL44Ie42FFJETGxbw5oUBxcT7xDUmRRFZqp7LD2QZqY.jpg
89ff66c1-6ef3-4ce1-a474-8efdd259b626,-150,3,https://b.thumbs.redditmedia.com/UYOwZ2rlJXop0FBxXZ-fnCeZjV4jxm-uatRXzlL2VMM.jpg
969b3569-1c1f-4d70-8cfa-ca183e5661ac,-1150,4,https://b.thumbs.redditmedia.com/zZybrH_tVEG3PnOPuKRqf2FbACFyjYdIVt9mVA2PDzo.jpg
1de7a570-52ff-4074-9c15-eb49343ebaf1,1855,3,https://b.thumbs.redditmedia.com/SBqN0uS1mUBWKc06q31uqjnveY4ycmUnz0WNQg1k6zg.jpg
23d27e0c-ee2d-47b7-89e1-353eb3ed3583,750,3,https://b.thumbs.redditmedia.com/9FR-x1l8JJrdBmhFK_hCuCyUsA82hMTTa1IPF4B6gNI.jpg
57168b70-ccd8-4c74-ac0b-e9845ee2c749,525,4,https://b.thumbs.redditmedia.com/-EiCago3hk7PUNoGoxzRRL7ycgjJZ9aT4EHiIOkJggU.jpg
cdae383d-d80e-40aa-8982-0f07a1292ef8,-475,4,https://b.thumbs.redditmedia.com/061_GZoB9PSbGkhgM-AjnNNtBrXqzMtQlA9cELlJoJY.jpg
79221c6e-55b7-49d5-9a1a-aa8554abfd5b,-150,4,https://b.thumbs.redditmedia.com/OCfYaHrz2IU2vPV3OJXINrLELeqtIJFHVpne0jekNYU.jpg
4814e9e3-66bc-42c8-8b0a-9a4901fbd89a,1939,1,https://b.thumbs.redditmedia.com/T3tQmkW8kA-5kUURkw_F35i2wMvtkkoOmU-_XEzi5Ms.jpg
fa46b54d-eea2-4454-a66c-202417ddf511,950,3,https://b.thumbs.redditmedia.com/dEWpKvklt6Les8JVAgMNBMqr_MsqE6Xy40hAxixy_Ao.jpg
ffd4d42d-d727-4c23-9df1-a6c2dfb20871,-2450,4,https://b.thumbs.redditmedia.com/R1r_0F1hayJYsmiNCnN0ztYnhXfTk7VvYjRLZFKYf5o.jpg
c91e5025-dcd9-489a-84b9-a28ec9dd3e62,1788,1,https://b.thumbs.redditmedia.com/IM8HPWTsH7SSXIc_wOcwnA4yBf6bEPBE_nVSzaANnTs.jpg
b7770fe1-a74d-4f92-95ec-c62c7dea44d9,1893,1,https://b.thumbs.redditmedia.com/gP-_Vs2EFcaRwF6OkUqfRU4ur9qhKgmIMIC_WvW4Mho.jpg
78d43e91-262e-4abc-88bc-546441b4ad1b,1400,1,https://b.thumbs.redditmedia.com/OmfoDm7S7c0IUDvKCGdWfJsv0drIf7lGcMSbQ6MVGRA.jpg
6823ab67-2c39-4d6d-9273-6ce26e11edad,-50,3,https://b.thumbs.redditmedia.com/FL0263-qVzZiJofBy6axVDxeW6dJXicAIidj18PlDPk.jpg
0561ed31-da7d-44e2-bd6d-3b704bb58f66,1650,2,https://b.thumbs.redditmedia.com/Te3oHPFg2I-jnqIrfvcgS4ZJ_hgMGinXH-DWeRLI1vI.jpg
dddcd9b5-fc0c-4c31-99c3-a1f5fc902d84,-250,3,https://b.thumbs.redditmedia.com/An8Z4aqzdvbljWWc54oC6us7fuurRH15HoeeydK3M0M.jpg
02934c59-b940-4b07-b65e-af62a077da61,1750,2,https://b.thumbs.redditmedia.com/B14LW3CfElLPkUzfRNcDNLIA858aTI9yLpzud3fS_6o.jpg
fd9f784a-d2c9-4b5f-abae-8b12b0dc5a8d,1100,1,https://b.thumbs.redditmedia.com/r3ZxGY2KTj48SGkjWpb8htbJzlHtF9iAfF67kz9tTKc.jpg
0399e65f-7065-40ef-ba91-53553d0f62ca,184,1,https://b.thumbs.redditmedia.com/PJbguEWsFxWmDuXBPNsy6v6WjIZUGPOxOYySCaQDe_M.jpg
ad1c3df2-39a7-478e-aaf1-7cbe5d517ba2,1828,4,https://b.thumbs.redditmedia.com/xSYO70voXGbQomXQuQ_DdQk69GUR9j0vSn7E34A3ICo.jpg
1f7913a4-408a-4cc9-a9a7-091c7c92d1c4,1050,3,https://b.thumbs.redditmedia.com/XLG4mRyFM5ExztBhvZc_kt5a7XSmJPhZzLZXlfRRrnU.jpg
48548981-58fd-4b4a-869d-117f80872d73,-750,4,https://b.thumbs.redditmedia.com/cFfQAkG7fgBOCeLYau7M2BQmg3ywxR6MsSCTwtR0DXQ.jpg
b7baaf9d-f88c-4a4c-ba98-a790aa71c537,-650,4,https://b.thumbs.redditmedia.com/Ke0J1UJWp59eJPaCOGt_9mvTzNqzVWS7bANUooOMjYo.jpg
b402616a-a688-4caa-82b4-f767bf392a5a,250,3,https://a.thumbs.redditmedia.com/LRm7V0Uo1_CqIqNhxMvUNB_05uxiWqxkJ-LIsmyZa08.jpg
04bc76ee-63ac-4a3a-8ccf-91b415c89648,1650,3,https://b.thumbs.redditmedia.com/R4rSQBD07pCiXpEJHSHdeFKU2pF3OFsbcRq9Md1j0ig.jpg
92072aed-ad03-4285-8cd1-2ba2bbdf617a,24,3,https://b.thumbs.redditmedia.com/BftyDmb8V84QPWQdMd8JQwE8SvT6DhXTCBJM1Lq3wJI.jpg
8134908e-8232-47e9-a8e7-618c79f6a3e9,1900,1,https://b.thumbs.redditmedia.com/UiorLjAu5sNKWNcLdG_nV_BU--0tNSyBKKRES-sJfeQ.jpg
ddbe7781-60c2-4430-9f55-010504f8ab94,725,4,https://b.thumbs.redditmedia.com/ptwMeQUOm_xLpV3i-ycERulNnzOiZQYs19gj-SCTuSA.jpg
85f4be8d-f68b-44b1-bc8b-601a345207e0,1829,1,https://b.thumbs.redditmedia.com/-2bc0wn-UdJIWrGytB8UaA3sFYMXPPcXh6bJVZMdg8Y.jpg
8d8959e8-3ba6-4418-a347-2b9b46a70ca0,1820,1,https://b.thumbs.redditmedia.com/S1_ZL6cBuzsqffog6vfR3PVGdaHlPdM7ZApJpACO1WQ.jpg
e23bee5a-770e-4d06-822a-6d1b1d8b13a4,1500,2,https://a.thumbs.redditmedia.com/fA1kJXSbvXOasdBOuyOzesvRvSSCTSDFtC7OMDcXge0.jpg
bfe8939b-01dc-48d7-90b2-4210299714c6,-1001,3,https://a.thumbs.redditmedia.com/ai2vdfpu0ww6c3TFvfiYLaJ9hgdzd5PLwryL1RZQSA8.jpg
54e0cf65-4b37-45c1-80b5-a8b4a77cd634,1753,4,https://b.thumbs.redditmedia.com/qrtw4vwMHXK7MXrwBRYpAtNyHhyxXCLsz3XCWoIvGTw.jpg
56d4823d-7fbe-4727-98cb-632b54abef8a,750,4,https://b.thumbs.redditmedia.com/wGly11akEzKcLeGVQMJ6BHaoydyvL2-IF6UsI-9e9WE.jpg
c29d6483-46d0-4cde-96a1-eb8d766f45c2,214,4,https://a.thumbs.redditmedia.com/rlRA3vNPIxn7eV385zITAtTx8n8KbL3VQqkf0Vq67J4.jpg
10466f95-a09b-4c79-8ade-05d284d9cb33,1385,3,https://b.thumbs.redditmedia.com/Bjagij-c-2RtFffowf6YFo1Wf4gRP0mbUSsgGsuDegU.jpg
755c1808-4ca5-408f-af87-ccb190e780ac,718,4,https://b.thumbs.redditmedia.com/wwuqtdo_OJizRiafnS225mK2Aacbr15NQKP3RtPQnbk.jpg
c713f1e8-16b4-48d5-a3dc-dab784689730,1885,3,https://b.thumbs.redditmedia.com/_vI4LN22JJFf3cKxResZbGIQs_amKhSkyrqW_FIyIVg.jpg
84c9797f-7da4-43d5-bb3c-53f43c2b747c,1515,3,https://b.thumbs.redditmedia.com/0XYjew4Pln_--GwZePqQ5sZeLbXiud2Bsv4yq1G7GtE.jpg
e4d211ca-8adf-49ea-a3e6-9db5de47868b,100,4,https://b.thumbs.redditmedia.com/C95rOQMkfpDPSQZSAubpw8gsdewpEjpycmSWNmcPP7Y.jpg
ff17a785-6d01-4e5f-b9e4-0ff0521035a4,550,3,https://b.thumbs.redditmedia.com/0bTWVFDhyVimCriTnTrhhUH_kvF7L1xY6xaxBEfEIsk.jpg
a46c6619-8bf9-4127-b255-1b9d53d22cbc,1860,1,https://b.thumbs.redditmedia.com/yTMz1xuxU55UfwMioywGA8ziTYWaEposXg5kd2LM0dg.jpg
36e472bb-d557-4dc2-a134-460d75951cfe,1850,1,https://a.thumbs.redditmedia.com/jnMuU0bmZ9sRl1y_RiJIjnBoItXr8yxr2lavGWypzh8.jpg
40b8cfcf-8521-4435-862e-4c11ebe4f82e,1673,4,https://a.thumbs.redditmedia.com/OIAWadin5HAWqEAVyPyJrZitTgy0RTtkL2PlB9j1ky8.jpg
ff10e794-e788-4249-af23-ba916bec508b,23,3,https://a.thumbs.redditmedia.com/L76J0C3i9HFi_RvNvpQmMCc2lpwB-gDyjNFJb7qUHT8.jpg
542e1d11-bd03-4c45-8f51-f56a0b0d4e5c,-2236,4,https://a.thumbs.redditmedia.com/lyMx_N5naR9zuWozXdpFlo7fsiVd6Izp39wfxVj_YJ8.jpg
10be813e-ecea-448a-b9ac-0bb0a8c932b1,150,4,https://b.thumbs.redditmedia.com/MPiyPLbe_qAVggIm0wSFZ9jsRveomWw_8CAJPcqtJyY.jpg
eddf410d-342b-4fb1-ac5e-296836f599cd,1450,2,https://b.thumbs.redditmedia.com/61yA1ZGrWkWcl-GlS4hjvoBEZmnMtJqTCEHDVpsiDiE.jpg
a5b1a3bf-f3c2-4823-b738-be7d080ef8d5,1450,2,https://b.thumbs.redditmedia.com/lgjmOFYnt-wHQIr85TwF_MGETcbGEGiAqBc9nwE9nIg.jpg
3ac10b60-024e-4d4f-885b-0edaa63c31d4,1888,4,https://a.thumbs.redditmedia.com/F2_5rFqnZ6ImWxjk1uu4i1XGBP36XDYKZsAmgc5aRI0.jpg
4d7de677-9fce-4d52-8b31-b1a881a229a1,-50,3,https://b.thumbs.redditmedia.com/Z2OeQ7McJbZ3ivRGzR9OccgOKu-nFHAr2uMEuU5hU-A.jpg
617433cf-f142-4c99-af17-d0753b6c3330,10,-1,https://b.thumbs.redditmedia.com/-jW8mgFApqycOknf9xxBjKkJY8x8q-fEisWalc7KsOk.jpg
5b66c76a-6447-402f-a6ce-04073f617da4,-908,4,https://b.thumbs.redditmedia.com/6MiVMSJJ0DkhWplAVS6ppvgOi--Fr5akbQ-Te4HFJmw.jpg
c88498e1-33da-4e9f-8810-9b381114395e,1880,1,https://b.thumbs.redditmedia.com/5vzuW38oVfJDtZGFyO64jOJJtIykiAniv5yfdt7qqnk.jpg
00e15d9f-e283-47fd-b0cb-0490416d47a3,1555,1,https://b.thumbs.redditmedia.com/uhQfQG2_WlNIf27_x8oW2UKeXyNcD-kOMCTOQ0kb_EU.jpg
e0e97d24-93df-43d9-bfb2-b86a7a2c01c8,822,4,https://b.thumbs.redditmedia.com/h79viL5LaRQMObY7C3eLCKHSgyYdwomkrcjyPkfdG5Y.jpg
266ea1fb-a56d-4e3e-a3eb-83d09d8725ed,1350,2,https://b.thumbs.redditmedia.com/qPFVyp76_hlUQPs8J9G-OOr8sNHjOJnc6KPgsp8vmsM.jpg
f27909b6-11cb-4217-987a-139729448b67,1050,2,https://b.thumbs.redditmedia.com/tOzf5cbZKqTF_hTBPdxs8Anhm5yY9LsQH7aiFoHv3ak.jpg
da215d93-75a1-4462-893b-d64ec7777a9b,350,3,https://a.thumbs.redditmedia.com/ZoqJ_vefuaFUlEIuoLbxBBzoUpE1O8p1J31VlSxmnD0.jpg
9899481e-720b-4544-93ba-7ddeed2e13bf,-6,5,https://b.thumbs.redditmedia.com/UdY7-huZ5F3BMm2BQRBhh2RP4lYvtpHov_sMnCic5gA.jpg
5a25baad-6254-4acf-b0b2-dd265588574d,-300,3,https://b.thumbs.redditmedia.com/AoKNy-G-m7CEiz0f25o4qn6qNe-HSCL6EUxjok_dlgo.jpg
5db69558-7105-4697-b5d1-bd4b2e9dc856,-990,4,https://b.thumbs.redditmedia.com/3RyZiMnYfCG_k0S2LookpuEJpAI7l9oGl_fACmNN35M.jpg
77a79559-e8e9-4e54-99e4-b16ddb51dd1a,1815,1,https://a.thumbs.redditmedia.com/bDoEVwGNVgGWNwLJjz81i54elyAD8MeTEoCrfhGxmM8.jpg
87857794-8afc-41f8-be2b-72e366775e34,1650,2,https://a.thumbs.redditmedia.com/4QIpAut4xJPaUydtVkoS-1dSEa0QN5uK3jrjs_NtNm0.jpg
9e41606d-4ae1-4775-a0ce-4ef8e4c91951,1875,3,https://b.thumbs.redditmedia.com/eRXkg4aopjU2vc8tYzBf5ebRmVm_RJx5g5RL8SL2P0k.jpg
b490d542-8c7f-414e-8949-c3d525b24be0,1550,3,https://b.thumbs.redditmedia.com/K9nbW8PAmvaAieuHnqYDfo6CVYaIL-f530BoIAjii4M.jpg
44c48644-3e6b-4144-8a84-b94ed880360d,350,3,https://b.thumbs.redditmedia.com/mp8KSvxK255F4Z9Bu3xefNiYt_5a4n9FhsQ4Mz2IlgA.jpg
be35909a-99b9-43c7-8905-10fa70f5c2e1,118,1,https://b.thumbs.redditmedia.com/25d2eTvpkp5ED98npLHZkM8aab40NiWTWC1zanEg96s.jpg
6e11f878-2193-47af-82ce-3a8c345d6d0a,916,4,https://a.thumbs.redditmedia.com/1EVe1l4h-kg5S9GLVAwfQkUyZmVpgugIb9z2_Z-nLq4.jpg
dc787736-63c9-408e-a349-0c73bad10247,1450,2,https://b.thumbs.redditmedia.com/BFOaZo8LUex9Xwf1ER8-Ndly-kkwOZBA5wT3RlFTWpM.jpg
71ffdd16-ab1b-4d43-b5a4-4fdfbad877bf,1050,3,https://b.thumbs.redditmedia.com/Ksxbcv6TtBn1QtnS8wYyz6Gxm6BZnIvrFW7jNhQvBrk.jpg
2e223c2a-7037-40d0-89eb-0c1a165da490,-191,4,https://b.thumbs.redditmedia.com/3S1qtCzXYu1HWsFNLngGCIRsXTU-GkGvK9F6S3iN8rQ.jpg
35875297-ff55-4d26-9eb3-29e13bad6fea,1850,2,https://b.thumbs.redditmedia.com/2a--PP7Pc8c1TsY-tjzt2vM0ZPredIWyabcbpux4Bhw.jpg
9886bcf5-611e-4406-bfff-84e7d026a528,1750,3,https://b.thumbs.redditmedia.com/yKJhAZMlHUdM18Ry_BN9tnVi85yM1SKOmrDJY_MMsAQ.jpg
c40f6aaf-017a-47e3-ac1f-c45a1bd9113c,123,4,https://b.thumbs.redditmedia.com/JxjDutiVcse65FkIh8VBFoqhGV2xyhtum_wXf06Kv9g.jpg
58d5c279-18c9-4b1e-b6a2-3b50d20dde3c,1863,1,https://b.thumbs.redditmedia.com/7tSv-ZvQvSMwnIn9SOiDv-9_NxX9wo57uFArCGJjlpY.jpg
d4292121-70e7-4d84-bfd8-683fc10bff44,23,2,https://b.thumbs.redditmedia.com/a00AS1_mwqQnU5GVyLSqhLtHrGIiMHv-SCeQZI-RFbk.jpg
bc916b26-72a8-4cef-8b7c-c3f59ff3d29b,-200,4,https://b.thumbs.redditmedia.com/8nkz04BzVrswowMeqJm0KZcpTsHI5j6fsq-VFSgmYHM.jpg
77b5e807-f56d-46b0-8eb3-434508962d58,500,4,https://b.thumbs.redditmedia.com/TuabHoEfFe21esxH4hspFuctnllEEBabgIwCPMm7Dbk.jpg
b9ebac30-7e1e-49b5-b368-a3c8ec700a02,-46,3,https://b.thumbs.redditmedia.com/_IXbhk2y414L0RkBSmZzpGnDUXc7vYCqG3cKlJwUges.jpg
3ae08fff-6709-4abc-933b-ba19bf5cbb23,1850,2,https://a.thumbs.redditmedia.com/plx5vmvT-E_Ox5xv8re9uZeOmyF7XvUqHfHWF0o_rD8.jpg
e07f274d-3d90-4c76-b610-694d41cf0b10,550,3,https://b.thumbs.redditmedia.com/EgPVy6IyR87ozvNOZAbEFEu6weOxBbiF1u_A0_btolk.jpg
4f3a66c1-9408-4156-aa97-2e7abd214600,-750,3,https://b.thumbs.redditmedia.com/g_ze3g8EdUeosZ1ETHYFJhRVPCleXuOL7kbncXuH2AY.jpg
66b0162e-2c5c-45de-a8a9-fe5937bd8d8b,1863,4,https://b.thumbs.redditmedia.com/QGNOKJ7V6BZvgHi0dxNxzLdZO44OQlDLbD1wMwbKxEw.jpg
c4a93be1-cc60-474b-844b-8f77ebca39ca,-24,6,https://b.thumbs.redditmedia.com/IjYBXL6zrMlLjV14UBv-23tqH4Njc0D6cOMdqxPSdAg.jpg
7081c21a-cf32-4d4e-bff3-a454db490c37,1550,2,https://b.thumbs.redditmedia.com/XGKxzRQf1yZi-6rNgQ7gKM5vPfwsTuDT5_o-RCvZbvQ.jpg
806472cc-600e-4146-bb1d-d16c31df7690,22,3,https://b.thumbs.redditmedia.com/op8lcA0mJUbYgHRwP_c_S0meBEDe0FLODq8HlhZLh1k.jpg
8769c664-801d-418d-b9c4-b2eaecb768f7,6,1,https://b.thumbs.redditmedia.com/_BOyjBxwWRtn72aCOe8QvUKXg8outc55NmXe9ULIzLc.jpg
7e382928-af6d-439b-b200-af3ec7c59b8b,160,4,https://b.thumbs.redditmedia.com/eQgTBpnIE7TD-DZEAzSqpHIs-PC322DMHW4sLTP6cYc.jpg
013cacbc-5504-4a54-9d88-c7df628fc9ef,23,3,https://b.thumbs.redditmedia.com/GGklEilQ-lWE9Yd0J4MxzhQzJN6E3s9Jw_BbfvyybBc.jpg
86d55016-157e-414d-856d-999da29be51e,1855,3,https://b.thumbs.redditmedia.com/tz2luXP6-7ShzFsnKYn44gQJuSiYD1x4W0V_uvfEVtE.jpg
75382a27-9d1e-4c70-8d5a-d3c275b1dc98,-2500,4,https://b.thumbs.redditmedia.com/Yeb0tdi-mGIaAjJwUHR4ow0AYk2GzygB-hBfRMC5Arw.jpg
8ed8b152-f356-4d9a-85f8-27d106c21b37,1200,4,https://b.thumbs.redditmedia.com/3ttc3FOPlyWfNX8oEgvBlZfUSaBOvPQLi7XUIPQCWOo.jpg
bec849d6-a487-4129-8465-a94500ec3474,550,3,https://b.thumbs.redditmedia.com/ryH4v0CU6voZ2FYRunU-7ueqDJYKgb_yhcQS3Pq_QlM.jpg
d857aa62-33e4-4c14-bd9b-6ce4b0744d5b,394,4,https://b.thumbs.redditmedia.com/W8Gv6WXknlZQlEejpuKFUCe_mvx-KsExZsooDS7849c.jpg
49556e6a-69d5-4091-b754-b97add02c4fc,-900,4,https://b.thumbs.redditmedia.com/7HevYwhcR7ILdULZB6Atqp6jeUt7T9K2ivUefXtaeGA.jpg
b4a79195-1b36-4db2-8afc-1c307441998f,1862,1,https://b.thumbs.redditmedia.com/_bMe0HB6MnGj90U22W7d25AEr2S83Z2j7CtabA4_eEQ.jpg
df340b22-8722-4e9d-9668-d1ac971ec010,450,3,https://b.thumbs.redditmedia.com/LTxKsyAm6qUoy9rhKFoMks5fvnVuF0BxtBNjV19GtDM.jpg
1cad6b85-b36a-4b80-be8a-7ba5cbabe01a,1890,1,https://b.thumbs.redditmedia.com/LgPbYup67ct2NFXNQuOyRPVZWXHocfidwOeCgaEaYUQ.jpg
097fa494-2cca-437b-9df1-370011cb02c6,-2750,4,https://b.thumbs.redditmedia.com/R8GYbQkUtFf6o0uV60sCIJIwn6tHppm8aB7VGu2eBTI.jpg
8d30b2fe-57d3-44b7-9b65-b107216e7428,1862,1,https://a.thumbs.redditmedia.com/C1ThX3mD67Ve07nAGOd42bnVA9IafkQFiKU3PaMwVY0.jpg
82cc9471-5349-45d5-b5ba-080568eb7ddf,1695,3,https://b.thumbs.redditmedia.com/HoX6tNcsLbXTEAeHzkLeOtdbOslo99rVcKZncO9wFfI.jpg
063709cb-5f04-4f7c-921c-fb51253255d8,865,3,https://b.thumbs.redditmedia.com/wOP0RZGOR8GcUTxO71dKGxvNGNapMSyOhSZvkGt3uJg.jpg
a2cb19b5-11e5-419d-b58b-13b8ca8442e9,1790,1,https://b.thumbs.redditmedia.com/LVdft6iYToS18IYvx4dmJjG_Jn1YPsVDLBSPIM6Quhg.jpg
ee049781-cd99-4e88-b3e2-31e711b62f4a,-332,4,https://b.thumbs.redditmedia.com/B_jXrxfnbydl_UlKcdbtuhl5dnfVhyXCQ65Rk7NfFPw.jpg
56f31ca6-03b0-484b-be9b-2d05f8a22b3f,1898,1,https://b.thumbs.redditmedia.com/uuVQOkMy3xxQLDyKeaL3uXdN4jaWYXf7kD5iQQHOpdU.jpg
1173156f-93a3-4992-b919-d086f2e69a8f,-1225,4,https://b.thumbs.redditmedia.com/Ekd43NW-gEMYb1l7BsOVHpZBIILWnNBa5yniPlkpFbA.jpg
cb2a4b45-f39b-413a-a07a-9386c4bb7f75,1900,4,https://a.thumbs.redditmedia.com/C06GYdcl2EVBPCwsB7FcS1ubJa5UU-bkUAY2Y0_GS94.jpg
e5c2c312-b28f-4916-a29c-f7c7b36cbf6b,450,3,https://b.thumbs.redditmedia.com/oHHBYbN-F779bimE5aGSZMv-ClRxRm1ii0Y-a7lrMjU.jpg
f41c10ae-eacd-4fc3-ae26-3e3a1e4e39f2,1850,3,https://b.thumbs.redditmedia.com/iABOSKWFch7cApjFyfw6qFrueTT3M3YaFeeNRdSi19g.jpg
8bfce46a-3367-4f98-8447-f28c247d8f1b,1732,3,https://b.thumbs.redditmedia.com/Oh0HDYWwvMq0Umjcq-XICiJuZGvkD3OCLQ1mUvpgsSY.jpg
279548ab-b0d2-41e7-8690-5760d39ba708,1841,1,https://b.thumbs.redditmedia.com/Wtzx7QsKq5gxpxr5ilLnEOndXBnBMax1upzSQdecsVk.jpg
d8ff14af-99fb-41c7-84b7-20307e857b19,-250,3,https://b.thumbs.redditmedia.com/x3_tfJVOJH0anFMu4ZSmzB17x0sHUQbrmc-gdFZv5Fo.jpg
869bbf70-6d76-4973-8030-48bd34b6c1e7,1450,4,https://a.thumbs.redditmedia.com/JXGE21LDMBgWzk6ZkE4cRIpOZAZv5ygVwZqYT_dDS98.jpg
b51a8ae5-f969-4c31-8e9c-69bf6a100f07,1850,1,https://b.thumbs.redditmedia.com/3RvHr4RnYyBdfdZgL2MS9xKEGxgzfCJ4_bIVMGE2npE.jpg
405f3c43-cbcf-4273-ba1d-501367bdf725,868,3,https://b.thumbs.redditmedia.com/HoOk6cD2e1N4RgUB8o3uBeAekkEsKp7IoQ6XpXbudUk.jpg
cfcfc718-7d0c-4810-a82f-d91f99df1b8a,-325,4,https://b.thumbs.redditmedia.com/37KayHNi0gO3Mx5T1c-6jKGT8mYstx1hOGMhr4wiVLc.jpg
3f1a3526-8a72-49d4-8c7b-e13c8d877729,-100,3,https://b.thumbs.redditmedia.com/Ny6q7n27k3itfJ-dhxcOVnp3gBATibb-pd5IoEp3CAI.jpg
f85dabbb-5673-462d-805a-d64768b52992,925,3,https://b.thumbs.redditmedia.com/AjAnUmcBkkECHZ8PDgUH4RYLQFt3DE_iKduHq7vfDvA.jpg
33251018-f4d4-4c1d-be1d-2b10e4fb2283,1875,3,https://b.thumbs.redditmedia.com/p6ho8TMW80BLrXoMjKOGxqFCSlImTRce6azEeOiwKOk.jpg
551d1b07-e73e-418b-a6cf-0794e8ad9fc3,1050,3,https://b.thumbs.redditmedia.com/OjPHJOuBB4F6bJQZEOvztZ2GaNNpXzrGF3d3jI2PLfA.jpg
31bb6d02-0008-442c-8913-0faa6e0ad2a7,1120,4,https://b.thumbs.redditmedia.com/jjNqJzYmDjzAwtTw7L977waxKLNkmhLB01lkgiBhgrI.jpg
9796735a-006c-4b70-ad65-1f244db80b68,-347,4,https://a.thumbs.redditmedia.com/SMEiTPNQ24oFBPc9LS3hJoGgbStn_Aq6xydE1Gga4Z4.jpg
29ec6648-544d-4485-9b5f-ccfd9fece7ce,1850,3,https://b.thumbs.redditmedia.com/ZRP0q-A7rqBoEDlvh1veRR2BqgKZLQ2OD_5oVUAWWDY.jpg
ca74a444-b8f2-41fe-877f-7ddfef5005c5,57,2,https://b.thumbs.redditmedia.com/7iL8GDHb33IQ70GkMOJ9da7DuWGo8gIhLk643ErPd3U.jpg
7d4dd427-1a7f-4615-8da4-3a4b6aa3968d,-1422,4,https://b.thumbs.redditmedia.com/HoJmDeCKv3AwFeLldccfHnshhX6ZV52HMAomCBvtwgI.jpg
1c61e84c-e674-44a9-9cd6-5528b9b2d0b1,-800,4,https://b.thumbs.redditmedia.com/NdCtVXlrXVsh7CnEgneUbqb3KdTx8vj6ygIB2b0xbxU.jpg
46bfa12b-b8d4-434b-b641-9b6582ca69ab,1000,4,https://b.thumbs.redditmedia.com/K4rj8xh1x85oD-7W4gDm-fSzsLXn1QLOqP-QUs45prQ.jpg
2413bc21-31a0-498f-a14a-81b270b4f223,1855,3,https://b.thumbs.redditmedia.com/4d_WROU8q8cnbu51Tsh1MyOutkvev71CX8GEwmw7EFQ.jpg
6dd3b81e-2bd5-4a51-aea8-98088c7a1fcc,1250,4,https://a.thumbs.redditmedia.com/9MOuuyiPAVzehEOIQ9YfLzQv_1UM6VsSGOfL4G-yaT8.jpg
74ed9a50-b393-415d-913e-b92154010a50,79,2,https://a.thumbs.redditmedia.com/MZFhaFArAyjC5VzeJIa3wWzOaF55hWA2Cv_0z0w6920.jpg
208fbc0c-e8ef-4f10-9a5e-6afe79d27a7b,1890,3,https://b.thumbs.redditmedia.com/IoWDWl-kxVL36Ibi-azy9nr6xYmyzOpIDvwMEHxWywU.jpg
a17b01c3-c80b-4073-b639-63780c57c3d7,-150,3,https://b.thumbs.redditmedia.com/wLTk9mh6d6G-gzbUKzA0VH-isbuvDuN8bsLn56ArqDM.jpg
1408da19-34ea-43bb-b1d1-a2e9af9c0aeb,1879,1,https://b.thumbs.redditmedia.com/27go-9ibNsVpYYm_gZORYA461UfqgZ1o9H0wg_-iXWM.jpg
cca82de6-adb6-4545-a6ec-9c52bd816432,1750,2,https://a.thumbs.redditmedia.com/VJ1Jg8tFpYqnHo4fYWPz-QsXZKTFij4_RlWUFQO91O0.jpg
66041b84-61a9-478e-b121-e231eebe039e,1486,1,https://b.thumbs.redditmedia.com/Xv-8bQ2d92fycbH3JDoZyIH4ckaf_KtChLP7I36-A7Y.jpg
720f1086-4536-4116-bd70-2d74dadb3d80,1926,4,https://b.thumbs.redditmedia.com/d6tvAAfXtoy6ZWNikkPyxdFfAO8ZVWzB7v7m7yTd0wg.jpg
849310aa-fd41-4178-9a1b-05f4066a687c,1790,2,https://b.thumbs.redditmedia.com/-FmAHFKzZTAatcJRB40MDvjQ4YflkuUhrLVh8Edq8dI.jpg
9eabf4f3-729b-49d4-8f1b-8c968cd7a9f7,1450,2,https://b.thumbs.redditmedia.com/YObx6qFVHsS5j9JnM9ZbNG9t9yWtbc43lIoIlYv7TaU.jpg
18aed77c-2673-46ad-9c69-efb7890f5205,1865,1,https://b.thumbs.redditmedia.com/W9rnzDBvxMfO6WjzSi26KD3YHmfhH5cbF0cIf57xjco.jpg
83734ccc-7ce5-4671-a810-deec471b54ad,948,1,https://b.thumbs.redditmedia.com/Kd_PQ3EdpnH4tGPskPvGtiA8GHD77yBhKmSXqUK_2Vg.jpg
95e66f26-5814-4c69-9a51-1763887abbfa,1865,3,https://b.thumbs.redditmedia.com/t4oxRDuqrbokjm1fUB_fvAbVdFFLAy5360A7tYAF6Ws.jpg
7e8825cd-2d72-47bb-a37f-5f8f15a899b0,450,3,https://b.thumbs.redditmedia.com/bYYvEfaR3PFQZtVLXKNkX4MUPn1_ijIZTrxre8unMmg.jpg
18801313-c63d-4264-b50c-43c96c0f3a87,1845,1,https://a.thumbs.redditmedia.com/A65eLAj3cmvtbVn5qA_EImul4L9T-btGJS1J3VFnaN0.jpg
6b719b24-59ab-411d-8777-fa59f7882c35,150,3,https://b.thumbs.redditmedia.com/evCdh_p9jeDaJPSwq6ER2iX6f2C1EGZnu8MIhmjitMg.jpg
aa5097cd-fd69-493d-8d47-710dcfc06264,1250,2,https://a.thumbs.redditmedia.com/3n_GNGD7W0Z_xVAx3Zdc-J7A3x7DjCl9BG2kGZpKo78.jpg
7f829b51-3162-4d62-bb77-febf5ff0c023,800,4,https://b.thumbs.redditmedia.com/m5OvQaXTqzK8TCKzmOvGa-pxMaSSj2B6mkDMo8JKnxI.jpg
9e385aea-80a0-4810-859f-21e96182b175,-300,3,https://b.thumbs.redditmedia.com/tBCHkoV0N0mvnZcpsV2aS1Zvt2juH49n3HPjbDrDsow.jpg
54bae6c3-6044-45e3-95eb-77d143163563,750,4,https://b.thumbs.redditmedia.com/ffyzTpDKG3bPAWawVGcgnWo8n-UNujwhD_etsAEnnFQ.jpg
24649ec4-e301-4705-8dcd-b4803e9c0e35,750,4,https://b.thumbs.redditmedia.com/v5APR-GHXvEcga8UvOMIoMfZcOEmNaG4pt2wllylF1E.jpg
6b677cb8-4fbd-4e45-b33c-e1f34c1b7d9a,1895,3,https://b.thumbs.redditmedia.com/Mzq5clg-rIRdvQ-25PkU3tLKF0XShzVeT8I9BN5phQw.jpg
9cf2b16a-aabb-493f-bb63-36db678624e8,-800,4,https://b.thumbs.redditmedia.com/fp9bnvL9jnl1NTu6ZEkPSDyiOQmQRBvsfAECEjvhrts.jpg
a8141a52-3f87-4899-8073-7924e3225990,1860,1,https://b.thumbs.redditmedia.com/0ogCxOnMtuMdncP6PjoCZjkYDODa3mtOK3WWBWhbeZo.jpg
4e09a886-3d87-4084-870e-2ae7b3b4ea5b,50,2,https://a.thumbs.redditmedia.com/_nlK2xu-XYn_Pq9UOTvIRYO-BWwAWjOCA4rwVWZygh4.jpg
bff00951-4286-4e29-9d82-4bb06bb738f7,250,4,https://b.thumbs.redditmedia.com/e7Bfl2ZTTVi8797pbmj-KTdV8E1efz9tdWb13nq4Xrw.jpg
97789a3c-0b58-431e-aa3f-bf729a68f90d,10,1,https://a.thumbs.redditmedia.com/4VfSO1pNEo5loYWq1o8Sd8RX_OaYT3gcKN0mqhG8Ar4.jpg
6fdaadab-9511-4d40-80b2-0984a06f1422,1010,4,https://b.thumbs.redditmedia.com/x0WQxaB54ySE8Nxjwq8JcYVe4OPVbCYEvGDVPRbEQaE.jpg
7cd50fe2-6389-4f5a-8abb-9440a9f05fc9,-7000,4,https://b.thumbs.redditmedia.com/seJoPdTybj5pJfq3Xj2rTmoiq_PD1drgmVu2OdCOHyI.jpg
7b966727-499d-42ec-8019-f50c2d205ef9,1,1,https://b.thumbs.redditmedia.com/ujUwNnVZsJaPzPOg4mTzwm96VoCvC0XReqomdcIRHaw.jpg
b0bf55ea-6547-468a-9fe5-ed9ed2afe2cb,1361,4,https://b.thumbs.redditmedia.com/mpRVgBQPEYB-9j4SgCjSbhaUV_XFG5srTzMn5IwmWrw.jpg
1286f945-08f8-4dfd-8e57-b39841cb282d,180,2,https://a.thumbs.redditmedia.com/S2w7LscO0v0ItF62PFv3h8M5WK7xzTkFHkC2P7oSiH0.jpg
ec005334-c4e1-4e9a-b0fc-2b14569bd70a,1797,1,https://a.thumbs.redditmedia.com/wyCAzK_NT3ztpbKj1sl-dsz43kUKp4brEVl8FBUPck4.jpg
abefd297-1739-4b57-92db-1b8fb52afd9b,1843,4,https://a.thumbs.redditmedia.com/ejRx6mCC4CkdmQ6tC4OyHOZrPz08ake7sQe621qfx90.jpg
66abed47-0fa1-4192-968e-64978fe8affd,710,2,https://b.thumbs.redditmedia.com/wi0JRSZl3D14w-CKogOMDyh4dmmX7zN248ZS4ykbeYU.jpg
0a350e6c-6081-4020-a212-0afeb6d62a88,1885,1,https://b.thumbs.redditmedia.com/EPEPfI0fQxo_DzOjR7E3017Bnptnvo7q1QS-rvr4MoM.jpg
713f9a24-62e5-484b-8fe8-1a28d9ce8057,200,4,https://b.thumbs.redditmedia.com/E1LZ_DACT6XWEhoDEQmnMzGTYqflWgEjcJ3syg0Cxfg.jpg
c6184887-cf4a-4384-81dd-fdc9f5d7ecb5,-645,4,https://b.thumbs.redditmedia.com/6ZlSNwktMGG-v-GJ38VbjIQqcJmlsBuin29cAvLDxaE.jpg
d1984228-4d7c-4860-8cc2-692abb4b01e6,35,3,https://b.thumbs.redditmedia.com/F6RIId7d9gjhtLBYYFNJHa33TqMehSFVVzPKaVElsDI.jpg
294adfb5-9438-444e-af7b-fb2ef93b0047,1911,1,https://b.thumbs.redditmedia.com/IitlgeVxHA1Oy8lgWhJSew1mEL1xOPfn1SnnvE20j1s.jpg
508a8b8a-e16b-48b9-bfa9-27259a044c98,400,4,https://b.thumbs.redditmedia.com/xV_JkPUbwWd0kVoHaAND8CY6XsUJG3YWTMtJhNDXOzA.jpg
db2ec0a0-1810-4ecb-b543-763175e3b7b7,1868,4,https://b.thumbs.redditmedia.com/-YdpDSgKohojBrx4QmNTmVAzF6MvTB2gi21sRSF5AgI.jpg
c5823caf-6fac-41bd-a37f-08acdf0c92e9,-2560,2,https://b.thumbs.redditmedia.com/nB8du6MiqQwUQzpRRvorNqSXixrJAnG3LJWweeylhRM.jpg
ec29ce37-5220-4608-ac1d-9ce3751f6b69,-1250,3,https://b.thumbs.redditmedia.com/kIYXtL-bl86hLFR8RUYqYHjXKWHf0iGymRVNn3UwarU.jpg
db013693-8789-4adb-ba45-f2c5748b893d,1250,2,https://b.thumbs.redditmedia.com/yzvgYD-RUV9y5-05OXTvkpsenL4FWA2dnK-7tGBhyEE.jpg
80ecdeb5-7570-4c30-9f8f-f455a76f264b,1850,3,https://a.thumbs.redditmedia.com/_Em1g_-kXG0yG2PXh3irBkRQohHiAbJ7nsLWh3gXvr4.jpg
c4ffdd20-3077-45fb-afa7-e09b00bd2049,1850,2,https://b.thumbs.redditmedia.com/oKUrQYguMN9ESRlXT_uxm1YITf2EdM5guHJGisvpDZA.jpg
5891b99f-27fc-47e1-9deb-1104d19e664a,-520,2,https://b.thumbs.redditmedia.com/lpRhVvB3KebTuM1jroJecdSBo4XfhAballreNDw_BAI.jpg
1303dc37-d832-438e-ba51-fbeac47e83d2,300,4,https://b.thumbs.redditmedia.com/N9u8sLEMnsUDfqIDS4pTq5RoqEXDAtlAp1fYFGAG4MU.jpg
335bdd13-19c2-4f69-aed9-406c7175148b,17,3,https://b.thumbs.redditmedia.com/epyi2fuZ0qdrv4epe2_qUbnPUOe-AbzMlW0mRR0X_JE.jpg
ec642621-1b7a-45d4-a468-3e64e6b6d8a3,-6977,3,https://b.thumbs.redditmedia.com/DdfKBDaFKWb0CUAQz0T9ZNDgJyFnZO7Y1NarEvt06iI.jpg
ea260cf5-0b50-420d-bb64-5bdc500b63bf,1850,2,https://b.thumbs.redditmedia.com/dUAWIZRO5RB_9JILLVXF1Ldhkt0ZNGXX6avWeJeRNsQ.jpg
f98d6a5f-6ad1-4430-bab7-c633ed9cdb71,23,3,https://a.thumbs.redditmedia.com/EXTgJ_l1FalXrfkbFKovQghI_YQ2FYbY5ENbVfp8zu0.jpg
aa91cb2a-1624-45d3-a6e9-5ca5899721b3,750,4,https://b.thumbs.redditmedia.com/CtUosOU5SGW6cS4PeY9ivL2v9hcVOnOn1XH_rltR6EI.jpg
f9a6b695-608a-4e82-8207-0008e7d6f347,252,1,https://b.thumbs.redditmedia.com/Hwf2uqKDVikuBwpui2rGU_SxQLMOUAlXXbte7lTSDiE.jpg
beeffe61-0a1a-4109-bd41-77e60419fafb,1825,3,https://b.thumbs.redditmedia.com/xnzEZ3qSoTenkhIAqpU2UIDQv3jvWi8DrS1itir8F_g.jpg
23979306-698a-496c-9f73-9eca06dcd3d8,1810,3,https://b.thumbs.redditmedia.com/Gr57vKnDcW6y7zLFR-0Ie8XlOhs94tN6DEPbsevlHeY.jpg
e2225bcf-8bb5-48f3-b97c-ddeee5f73e40,1100,4,https://b.thumbs.redditmedia.com/jjosLKLjjjDqsWVaGUbn3Lo8mTzB17g8zcUZ-l7nvvA.jpg
a4f4a7ce-b396-4834-a728-2f796b59ea4f,-2290,2,https://b.thumbs.redditmedia.com/xVAssNcAtlbSuSwojsoapQ55wQtcp5vBu1YLfGk04Hs.jpg
72e25ac3-26e4-43a3-a3d5-68596d4a86bb,1882,1,https://b.thumbs.redditmedia.com/TPJLk6pJ2ELPygVlMd423Lp2emjD5PlyNc872bwURPo.jpg
eef1fe2c-8968-4cf7-a28a-4040968b6886,1375,1,https://b.thumbs.redditmedia.com/EHp2OnJT1IpOv1vDbCnO46A2iu38kZ871RAUJ9jZdLA.jpg
3d136675-efd4-41d4-943d-8c32c688bff5,1913,4,https://b.thumbs.redditmedia.com/7xeTP2pkp1kWDxynyaHrgqzV4XDOD016X-GH5BfiXSA.jpg
92a4cd4b-7fee-4e4c-b981-631f12345862,1800,3,https://b.thumbs.redditmedia.com/mUSFFpwlJDD_sJ4b5S4BbhWDGV6_0fYmM_1GxQyyPWM.jpg
ec1a7e5e-04c3-488d-b4a0-17f8362d8e54,1150,4,https://b.thumbs.redditmedia.com/KFkMwr7G5f4b5L7d8AKySgh-beoUrJe_VmM1y0lPjME.jpg
75a43863-760a-4331-863c-33950cd3c535,500,4,https://b.thumbs.redditmedia.com/7XnP_fVwXCdRrZjcG3Uzps49H6RSoT2Bft95Rcg7r7I.jpg
423ff3c8-d2c7-4898-89f0-0ad95a16e27a,-1900,2,https://b.thumbs.redditmedia.com/8o_mSXqCbbBKc6HXfitmfYZEYLDUjCvhqu07iQADIxg.jpg
41c28654-55e9-49d4-880a-4b3d6727d7c9,50,1,https://b.thumbs.redditmedia.com/zR6H4TgC02Q0wx1wlDYFHHvEgLw2YtRXrNdXwFAGVdA.jpg
fab60cf7-c2ef-479d-b2cf-7e06fa67d099,150,3,https://b.thumbs.redditmedia.com/bZST6FM2KIMVup0Op-qgKA5dNO22y9f9ahabemvaVao.jpg
5efe9efd-9ba8-44f1-89ef-fb9f6015f20e,650,4,https://b.thumbs.redditmedia.com/lMbxbVXhj86JyVlpW83XxnKqV4oqSKu-OGoxoi1Ujfs.jpg
8933fd6e-97ac-4291-8ede-bc6e26723164,1860,1,https://b.thumbs.redditmedia.com/VappLX7SEpMIxAv9RCdqD7VNH06nKlLwtu6AoPNKDzw.jpg
d329ade8-b702-4bd5-9daf-6b0d0ce61d66,501,4,https://b.thumbs.redditmedia.com/8TJkb0JNOkQaw0f19hYBztG38kO6Jvv5BMwnFjG_pQc.jpg
f5844799-c34f-443b-9cdc-2276b492b944,-2195,5,https://imageapi.khm.at/images/316627/AE_INV_7500_22-400.jpg
6f38b895-232c-4de1-b6a7-a1705516a13a,-2400,3,https://imageapi.khm.at/images/316633/AE_INV_7506_202210_01-400.jpg
2d8b4bf7-2cd7-49e6-b2fe-9b25f0bcf43a,-2500,3,https://imageapi.khm.at/images/316634/AE_INV_7507_201403_01-400.jpg
e6e4742e-89eb-4d1c-8c94-fd467e046173,-2500,3,https://imageapi.khm.at/images/316635/AE_INV_7785_202109_01-400.jpg
941192cd-e3de-41fc-b3f5-5533bbb8c349,-2500,3,https://imageapi.khm.at/images/317061/AE_INV_8006_35392-400.jpg
ef860ad1-32f5-4ea0-a692-bc0b4d69c95e,-2360,3,https://imageapi.khm.at/images/317062/AE_INV_9999_2_03-400.jpg
e9315750-9112-4746-b38d-2becb8fa3d1a,-3500,4,https://imageapi.khm.at/images/318415/AE_INV_1186_4883-400.jpg
76d43f1b-45bb-4cdb-a4bb-0220518e545f,-2200,3,https://imageapi.khm.at/images/322082/AE_INV_6125-400.jpg
031dac07-610c-40ec-b5b9-4cbe5e3d8466,-2596,6,https://imageapi.khm.at/images/322358/AE_INV_7787_14-400.jpg
3fbde8d5-4439-493d-928c-83a2dd65ffb2,-2400,3,https://imageapi.khm.at/images/322555/AE_INV_10061_korr-400.jpg
0082e6fc-c807-4ccf-be55-0c8e5a8f500f,-2400,3,https://imageapi.khm.at/images/323871/AE_INV_7444_89-400.jpg
fc27d7b5-f6f0-4549-9021-be302a43fdd0,-3000,3,https://imageapi.khm.at/images/323971/AE_INV_9067_2-400.jpg
c312e06e-a176-4188-9f27-4f6f77c89eac,-2352,6,https://imageapi.khm.at/images/324115/AE_INV_7798_1-400.jpg
6896f590-6a54-4900-b4f0-7dd41364d877,-2332,6,https://imageapi.khm.at/images/324248/AE_INV_3886_201411_1-400.jpg
49440bd6-b161-4404-95e4-2fdf3db3d061,-2400,3,https://imageapi.khm.at/images/324338/AE_INV_7442_1-400.jpg
80ef0650-98d9-4ad2-beae-1986a3111d33,-2900,3,https://imageapi.khm.at/images/324393/AE_INV_6128-400.jpg
b3dbeeb5-f18a-4d03-9038-1cf78c4462f7,-2282,6,https://imageapi.khm.at/images/555776/AE_INV_7448_7449-400.jpg
6d14dfa2-7144-4768-b118-950075b3a20a,-1781,6,https://imageapi.khm.at/images/316165/AE_INV_37_201506_01-400.jpg
370316c3-2cdc-4e99-8c92-28b5d8c3b617,-1900,3,https://imageapi.khm.at/images/316904/AE_INV_10135_11-400.jpg
e983f294-e370-4fd2-939b-825e27be5497,-1750,5,https://imageapi.khm.at/images/317738/AE_INV_186_02-400.jpg
b7dfe1b8-edfb-4455-b2a4-7f7360be5b2b,-1980,3,https://imageapi.khm.at/images/317926/AE_INV_202-400.jpg
a9f02030-e95e-4cb7-b2c3-c912ecca611e,-1903,6,https://imageapi.khm.at/images/320449/AE_INV_35-400.jpg
aefc73c1-e48a-4749-856f-75357387a2d3,-1860,5,https://imageapi.khm.at/images/321240/AE_INV_5813_112-400.jpg
cc200e63-86eb-4a30-a0bd-fdd3fa153e54,-1725,5,https://imageapi.khm.at/images/322069/AE_INV_61_201409_1-400.jpg
e316189e-8f5d-4420-9e00-5735b81d8184,12,4,https://imageapi.khm.at/images/323860/AE_INV_4211_201701_01-400.jpg
2c0929e5-ec61-4484-8026-74962448ec8c,-1900,3,https://imageapi.khm.at/images/324226/AE_INV_98_01-400.jpg
34f9e0d9-8254-4442-872d-b7892de0ccb0,-1800,3,https://imageapi.khm.at/images/324237/AE_INV_109-400.jpg
f39def7c-48c5-4a2b-9d9a-3a5a676fc00c,-1980,5,https://imageapi.khm.at/images/325567/AE_INV_95_201309_1-400.jpg
ada42ea1-5a6f-48d7-9c60-74e1a68a1db6,-1900,3,https://imageapi.khm.at/images/555777/AE_INV_7108_bis_7116_Ensemble_1-400.jpg
e9b93b50-1fd7-418d-9146-9ee4cbb84e15,-1700,3,https://imageapi.khm.at/images/555778/AE_INV_5801_5051_01-400.jpg
1a16e9b7-6f63-4669-916f-8b25e815efb5,-1270,5,https://imageapi.khm.at/images/316254/AE_INV_48_01-400.jpg
80d7a684-9dce-4eb5-8205-115bdf67b212,-1363,6,https://imageapi.khm.at/images/316828/AE_INV_9961_2-400.jpg
71e06268-a5f7-49b6-8254-87c7e23c5532,-1363,6,https://imageapi.khm.at/images/316829/AE_INV_9964_01-400.jpg
38fb31d0-adc8-4be2-a785-dca8cd124ccb,-1235,3,https://imageapi.khm.at/images/316918/AE_INV_34_1-400.jpg
756597c7-75c7-42fd-945a-1225e7f35547,-1391,6,https://imageapi.khm.at/images/316930/AE_INV_10152_201602_01-400.jpg
1afaa536-2cb2-4cda-8124-ce075c50f52b,-1363,6,https://imageapi.khm.at/images/316945/AE_INV_10166_202202_01-400.jpg
d55ffb47-4f30-4ac5-a8c4-389be7586e6a,-1270,5,https://imageapi.khm.at/images/316952/AE_INV_5770_02-400.jpg
134cc892-2d8c-4628-9466-7e3416100676,-1309,6,https://imageapi.khm.at/images/317075/AE_INV_126_2-400.jpg
6bf1d753-3793-4732-a8bd-1b6d1278aa1d,-1309,6,https://imageapi.khm.at/images/317649/AE_INV_178-400.jpg
95fe4598-0108-47d4-a352-08182ae623b6,-1325,5,https://imageapi.khm.at/images/317667/AE_INV_3535_a_01-400.jpg
3c28b14e-4bd3-464f-88a6-a6a10fcdea0b,-1150,3,https://imageapi.khm.at/images/318337/AE_INV_960_06-400.jpg
66333d88-5133-4453-bbdb-79a5564b91d8,-1150,3,https://imageapi.khm.at/images/318393/AE_INV_1029_202202_01-400.jpg
46f02518-b19e-4474-ab07-a4e180e60a89,-1250,4,https://imageapi.khm.at/images/319451/AE_INV_3924_2-400.jpg
ec67cb5f-e0bd-4a09-93b4-32291624a4ae,-1363,6,https://imageapi.khm.at/images/321723/AE_INV_9962_4-400.jpg
08e9155a-758e-4b11-a356-ad019ec36ece,-1410,3,https://imageapi.khm.at/images/322137/AE_INV_63_201502_01-400.jpg
482cf01b-68fe-4511-926e-2af0bb6a9dde,-1350,5,https://imageapi.khm.at/images/322148/AE_INV_6693_201501_01-400.jpg
fdff168f-7dbc-42da-a396-b7a9e587e6bf,-1391,6,https://imageapi.khm.at/images/322524/AE_INV_8188_3-400.jpg
e68492ef-01b0-47d3-b581-3b9ba9c8c91e,-1329,6,https://imageapi.khm.at/images/322556/AE_INV_8301_01-400.jpg
04239195-ce5e-4bc3-adf9-d610902cd13c,-1478,6,https://imageapi.khm.at/images/323362/AE_INV_70_1-400.jpg
09677826-2639-4c80-9a94-ebb2ec9bb4dc,-1391,6,https://imageapi.khm.at/images/323826/AE_INV_77_01a-400.jpg
124b620f-fff1-4187-a93b-0d0dc69246e9,-1115,5,https://imageapi.khm.at/images/324004/AE_INV_6293_38456-400.jpg
6032023d-2153-45f4-aac5-b78878a655a9,-1129,6,https://imageapi.khm.at/images/324093/AE_INV_5979_201809_07-400.jpg
978c5d2a-6a41-43ea-ab35-e72118d8f843,-1225,5,https://imageapi.khm.at/images/324204/AE_INV_64_01-400.jpg
382c2a8d-a1c4-45d7-a19d-8cc75c215b49,-1250,4,https://imageapi.khm.at/images/324215/AE_INV_73_1-400.jpg
c3ad8f87-3264-413f-9068-be5b70a07242,-1436,6,https://imageapi.khm.at/images/324283/AE_INV_5782_3-400.jpg
3ff6ce99-d184-4da0-9f0f-b79481eed3e5,-1391,6,https://imageapi.khm.at/images/324294/AE_INV_5814_38369-400.jpg
da4eaea2-70c9-464b-a638-96e231bbdf23,-1391,6,https://imageapi.khm.at/images/324359/AE_INV_6730_2_oL-400.jpg
1c5f2c90-13f8-40eb-8cc3-87dbdbed58bf,-1309,6,https://imageapi.khm.at/images/324370/AE_INV_5106_04_frei-400.jpg
89c59c88-1f22-47ef-aad9-3c652f9e0309,-1391,6,https://imageapi.khm.at/images/325000/AE_INV_89-400.jpg
c71ec380-ecf5-45a8-93ee-9bae1fc9886d,-1300,3,https://imageapi.khm.at/images/325094/AE_INV_6614_201409_1-400.jpg
07fc9c9e-a1d3-4033-a628-6c35602648f9,-1287,6,https://imageapi.khm.at/images/326244/AE_INV_1338_201503_01-400.jpg
43943b21-2831-4265-a34c-2df647cefa1c,-1600,3,https://imageapi.khm.at/images/382304/AE_A_1392_46329-400.jpg
499dacb2-2222-4108-af3a-7b8da27bbfbe,-350,4,https://imageapi.khm.at/images/316886/AE_INV_62_08-400.jpg
a5369466-7c07-4e3d-8f7e-68d8a25e773d,-903,6,https://imageapi.khm.at/images/316940/AEOS_52_201802_02-400.jpg
e76304b1-a2db-4b84-a3ad-4dbb5f0f605e,-184,7,https://imageapi.khm.at/images/316953/AE_INV_1062_7891-400.jpg
083a095a-4db8-4582-8de8-b2adbb6c5033,-650,3,https://imageapi.khm.at/images/317046/AE_INV_9639_201409_1-400.jpg
9066e90b-b5e0-4cbc-a88a-58563d82da6a,-688,6,https://imageapi.khm.at/images/317816/AE_INV_9125_38374-400.jpg
8ffa5842-8d5a-40ae-bd3d-818f425bb80d,-626,6,https://imageapi.khm.at/images/318038/AE_INV_213_35_frei-400.jpg
4d667f0f-0b1a-44e9-ae95-d754697464fd,-858,6,https://imageapi.khm.at/images/318975/AE_INV_3561_1-400.jpg
0b4e8464-42d0-431f-8fb3-8354e0a018be,-858,6,https://imageapi.khm.at/images/318986/AE_INV_3562_1-400.jpg
8d07cb3b-e1e6-4a79-91a7-09d61c1915c2,-858,6,https://imageapi.khm.at/images/318997/AE_INV_3563_1-400.jpg
9cd97a8a-e1d6-4437-af87-7bfb17a5ac12,-858,6,https://imageapi.khm.at/images/319009/AE_INV_3564_1-400.jpg
e92b1f70-1116-4799-a87e-170a2f00a59f,-1000,3,https://imageapi.khm.at/images/319162/AE_INV_3859_1_Detail_4-400.jpg
ebca7e02-f37a-4c72-a9c9-0a4b95800d80,-850,6,https://imageapi.khm.at/images/319872/AE_INV_5107_38373-400.jpg
57557724-1aeb-471e-a95b-ff73280f888c,-677,6,https://imageapi.khm.at/images/319883/AE_INV_5143_VS-400.jpg
075415f9-774f-45a0-8332-db9b9e9ba8ac,-903,6,https://imageapi.khm.at/images/322768/AE_INV_5791_3623-400.jpg
8a797b77-6d69-4415-b29b-f37ca6f4aacd,-361,6,https://imageapi.khm.at/images/323071/AE_INV_76_08-400.jpg
698ef3d3-b819-4a4e-829e-69ec03964b9f,-350,4,https://imageapi.khm.at/images/323904/AE_INV_8020_01-400.jpg
9eb5e600-4fb9-4728-aaec-1c43813ebf1e,-600,6,https://imageapi.khm.at/images/323926/AE_INV_6622_1-400.jpg
53a3d31a-8e5e-4357-a0af-35031446fdc6,-550,4,https://imageapi.khm.at/images/323938/AE_INV_699_201402_5-400.jpg
418245cd-3900-4d0e-9670-d199b380137a,-640,3,https://imageapi.khm.at/images/324382/AE_INV_5073-400.jpg
1cf22a86-b466-4895-b203-d9e9f87b9d20,-550,4,https://imageapi.khm.at/images/325963/AE_INV_10073_21769-400.jpg
fff5ab37-2dee-4d6d-8775-7ba521554a24,-700,3,https://imageapi.khm.at/images/384704/AE_A_3551_6915-400.jpg
df923b78-0839-4a64-a308-fc823945a015,-969,4,https://imageapi.khm.at/images/555779/AE_INV_6262-400.jpg
1a5ded58-862a-4f20-86c5-b0f176510b93,-50,4,https://imageapi.khm.at/images/316395/AE_INV_9_01-400.jpg
8fa41be5-5735-478e-b306-17d10649334c,-50,4,https://imageapi.khm.at/images/317624/AE_INV_296_2-400.jpg
a1dc2496-2913-4069-81e8-fc5c598d18a0,-300,3,https://imageapi.khm.at/images/317737/AE_INV_1_04-400.jpg
44af694d-b58d-4357-9888-fef16772da70,-150,4,https://imageapi.khm.at/images/318071/AE_INV_4_2-400.jpg
c8fae41c-2afb-4bdf-97fe-8474499e1b59,-350,4,https://imageapi.khm.at/images/319117/AE_INV_20_01-400.jpg
b99ec156-5c90-4d5e-814a-bf817e4a605e,-250,4,https://imageapi.khm.at/images/321032/AE_INV_42__02-400.jpg
032f138f-fe85-4b4c-8ead-7d4a7f959c5a,-260,5,https://imageapi.khm.at/images/321207/AE_INV_5809_08-400.jpg
03f7f4cf-eb13-4b69-a243-056aa3bfb04a,150,4,https://imageapi.khm.at/images/324182/AE_INV_8513_09-400.jpg
14e99525-0f63-4a7b-96c6-06e5e7d28907,-50,10,https://imageapi.khm.at/images/324272/AE_INV_5780-400.jpg
2d718917-ae5e-4b37-9e40-5c805a1636d3,-50,4,https://imageapi.khm.at/images/324437/AE_INV_324_201503_01-400.jpg
6c32f740-a71e-4c60-9111-4925f15fea81,-195,5,https://imageapi.khm.at/images/324448/AE_INV_4137_202010_01-400.jpg
af7509e5-48ea-4c73-9160-f2fdb758fea7,50,3,https://imageapi.khm.at/images/325213/AE_INV_9086_19887-400.jpg
914b1426-1f75-4b65-94ba-9a7e46f34cc8,-476,6,https://imageapi.khm.at/images/319130/AE_INV_9922-400.jpg
7c50741b-cd2d-4671-9032-d6ed21b45599,150,6,https://imageapi.khm.at/images/376106/AE_SEM_114_201612_01-400.jpg
02d4dc7d-a689-4a0d-b7b4-7ddc18b76dfb,-300,6,https://imageapi.khm.at/images/376206/AE_SEM_123_201612_01-400.jpg
a0bc3487-60af-438a-8edc-a38612409371,150,6,https://imageapi.khm.at/images/376322/AE_SEM_24_201612_01-400.jpg
c7f954c9-c4f1-46ad-a3d0-a9405c4171ed,150,6,https://imageapi.khm.at/images/376564/AE_SEM_694_33615-400.jpg
ea9e2bcf-cc43-482e-ba04-1d54f4034726,-504,6,https://imageapi.khm.at/images/376838/AE_SEM_940_201411_1-400.jpg
561cd888-e318-499e-be9d-9fb34496550c,-583,6,https://imageapi.khm.at/images/376850/AE_SEM_951-400.jpg
d191633b-c592-4828-a675-9a715e61fe4a,-583,6,https://imageapi.khm.at/images/376851/AE_SEM_952_45614-400.jpg
ff7b9aca-1463-470a-a597-984060553e38,-550,4,https://imageapi.khm.at/images/50631/ANSA_I_1548_02-400.jpg
c6c2fe8c-0e2f-463c-90d6-a1f199572e47,-537,6,https://imageapi.khm.at/images/51257/ANSA_I_341_01-400.jpg
b669ad4d-b5b3-437e-bf45-4cd60d945f95,-450,4,https://imageapi.khm.at/images/51619/ANSA_I_602_20578-400.jpg
f29597aa-aec6-4f82-a7b0-4500415f0d8a,-550,4,https://imageapi.khm.at/images/51747/ANSA_I_717-400.jpg
b1bc7ca4-28d4-4585-84fb-f960471159ae,-1900,5,https://imageapi.khm.at/images/54556/ANSA_IV_1857_20441-400.jpg
f1f1b64c-6920-40eb-8727-162a962f7d66,-1350,4,https://imageapi.khm.at/images/63776/ANSA_V_3253-400.jpg
9d1a4484-441d-4b8c-b5e0-0854a46e23e8,-350,4,https://imageapi.khm.at/images/50084/ANSA_I_1060_55370-400.jpg
46deab93-3e80-48e2-8acb-cd8e12291c69,-440,5,https://imageapi.khm.at/images/50119/ANSA_I_1092_55385-400.jpg
d53331fc-d9a9-47a2-8400-c46034458a6f,-350,4,https://imageapi.khm.at/images/50213/ANSA_I_1172_55543_ret-400.jpg
b5df0709-397b-4190-9f2c-65654c682212,100,5,https://imageapi.khm.at/images/50336/ANSA_I_1283_55568-400.jpg
f2774042-7c4c-4383-96ad-590f8c2d33b3,-250,4,https://imageapi.khm.at/images/50637/ANSA_I_1553_51039-400.jpg
b1dd14b6-c1c8-4b3a-b494-d1a8188d4b6b,-325,5,https://imageapi.khm.at/images/50656/ANSA_I_157_55115-400.jpg
79f50e6f-1a7b-4990-8f42-130166402ea7,150,4,https://imageapi.khm.at/images/50799/ANSA_I_166_1-400.jpg
3af802e6-5b2e-47bc-9f10-9e19e35fefeb,-550,4,https://imageapi.khm.at/images/63826/ANSA_V_3299_a_54911-400.jpg
52a7d9db-9308-41dd-9453-c62c5a743cb0,-450,4,https://imageapi.khm.at/images/63915/ANSA_V_401_54870-400.jpg
55b485a2-0aff-4e3e-a3de-b9a921c5d3b1,-460,3,https://imageapi.khm.at/images/64777/ANSA_VI_107_201612_01-400.jpg
440f1612-6259-4248-b626-8b68f13fbfaa,150,4,https://imageapi.khm.at/images/65027/ANSA_VI_129_55820-400.jpg
7dd21172-29db-4db0-838f-e6a690cbc79f,-460,3,https://imageapi.khm.at/images/66206/ANSA_VI_2333_01-400.jpg
2fbdece7-3f17-432c-a753-753e14e1bdbf,-500,3,https://imageapi.khm.at/images/66851/ANSA_VI_2889_01-400.jpg
15da7498-f4e7-4f87-ad3f-4cd029c67c5e,-350,4,https://imageapi.khm.at/images/66994/ANSA_VI_3006_201612_01-400.jpg
d041475b-6c57-4ffb-b8e2-5b9edc8a3c0b,-350,4,https://imageapi.khm.at/images/53587/ANSA_IV_1035_201604_01-400.jpg
2dc0be51-fa32-4e5a-a9c7-5be5e147dc7f,-600,3,https://imageapi.khm.at/images/54295/ANSA_IV_1622_02a-400.jpg
40c5f33c-39e0-44ae-b99e-499d73bc5096,-730,5,https://imageapi.khm.at/images/54724/ANSA_IV_2_02-400.jpg
d176b6cd-0548-42c4-8fba-60b3fd719509,-510,3,https://imageapi.khm.at/images/56545/ANSA_IV_3576_201502_01-400.jpg
7cf218f5-d181-4902-8e38-1b8bb36e17b2,-500,3,https://imageapi.khm.at/images/56677/ANSA_IV_3694_3456-400.jpg
288ed82e-c883-4136-8b94-0575434b1b59,-490,3,https://imageapi.khm.at/images/56696/ANSA_IV_3710_3672_fin-400.jpg
e5ee3ed7-6e46-42c8-b243-75b7bf9ebce9,-500,3,https://imageapi.khm.at/images/56712/ANSA_IV_3725_201604_01-400.jpg
9e477ece-116c-4769-9142-382e29aaff63,-465,5,https://imageapi.khm.at/images/56715/ANSA_IV_3728_01a-400.jpg
3642a9ef-17d8-4ef2-842a-2c7175d1e9d5,-425,5,https://imageapi.khm.at/images/56737/ANSA_IV_3748_5-400.jpg
3cb6907c-c9b2-40de-974f-d064096ceeea,-510,3,https://imageapi.khm.at/images/57460/ANSA_IV_4398_3488-400.jpg
a2989872-fae0-4f31-a423-ee2777b4d624,-540,3,https://imageapi.khm.at/images/57461/ANSA_IV_4399_01-400.jpg
cc6c6a11-09d6-461c-a1b6-2d6327c75257,-360,5,https://imageapi.khm.at/images/57676/ANSA_IV_4585-400.jpg
b3c71d6f-3dcc-4b3d-89ac-2d816ceb2ab5,-580,3,https://imageapi.khm.at/images/61536/ANSA_V_1267_7355-400.jpg
c2a78f3d-e4dd-41cc-81fb-3041ee6dae7f,-200,3,https://imageapi.khm.at/images/50025/ANSA_I_1024_51004-400.jpg
6d867bd0-8849-4627-a97f-f253130904b6,-350,4,https://imageapi.khm.at/images/50832/_ANSA_I_169_03_ret-400.jpg
b8caec16-49e1-45ab-8226-a0790f5caed0,-150,4,https://imageapi.khm.at/images/50925/ANSA_I_1764_201502_01-400.jpg
d14e8cc6-bf61-4190-b744-2b4b3e8af065,100,5,https://imageapi.khm.at/images/51132/ANSA_I_246_55175_frei-400.jpg
4e98888c-d9a3-4f57-b3ea-e78d5b6327c5,-120,3,https://imageapi.khm.at/images/51147/ANSA_I_26_37057-400.jpg
e04303f7-2633-4802-9590-33d469805f55,-150,4,https://imageapi.khm.at/images/51620/ANSA_I_603_55194-400.jpg
8dd19947-db57-405a-9dee-b5b8db497f97,-300,3,https://imageapi.khm.at/images/61690/ANSA_V_1400_07-400.jpg
18d9e2d3-5c25-4059-af86-c52e7309a78b,-300,3,https://imageapi.khm.at/images/63288/ANSA_V_2824_01-400.jpg
97731349-0000-4597-8a40-6abc70045ede,-160,3,https://imageapi.khm.at/images/70892/ANSA_VIIa_49_01-400.jpg
b7e63fa3-2391-4036-95ba-4a24cc8166ec,-300,6,https://imageapi.khm.at/images/71094/ANSA_VIIb_217_2-400.jpg
32245bc4-98fd-41af-83d0-6072a60ce450,-150,4,https://imageapi.khm.at/images/50061/ANSA_I_1045_a_01-400.jpg
b4f2a45f-a311-4dce-ac53-d4f32385251f,-600,3,https://imageapi.khm.at/images/54686/ANSA_IV_1965_45569-400.jpg
b6b349e3-13d5-4cc4-97ce-b61bd1f9a883,-312,6,https://imageapi.khm.at/images/56973/ANSA_IV_3960_54841-400.jpg
be72bb3c-2568-470c-b8fa-3c717b3a9b54,-350,4,https://imageapi.khm.at/images/61403/ANSA_V_115_55799-400.jpg
4010bdf7-0ef7-4758-b9f0-bb5a4e418189,-450,4,https://imageapi.khm.at/images/65446/ANSA_VI_1660_01-400.jpg
81df4569-660a-4f2c-925e-f7aef97d9f61,-350,4,https://imageapi.khm.at/images/67438/ANSA_VI_3384_1-400.jpg
9e24ff59-2edf-4811-8a61-ed3def2313e2,-487,6,https://imageapi.khm.at/images/68890/ANSA_VI_4647-400.jpg
2c3c1611-cd16-469c-a1f0-1c199b4a8531,-450,4,https://imageapi.khm.at/images/69964/ANSA_VI_7_201302_01-400.jpg
6b86e213-07d2-4e93-ac27-391d23162c03,-250,4,https://imageapi.khm.at/images/70611/ANSA_VII_963_01-400.jpg
00085086-cdd7-4c7f-b1ed-394621534b39,350,4,https://imageapi.khm.at/images/52079/Ansa_II_20_Gesamt-400.jpg
7915eafe-d4f6-4b41-a3b2-3dde6796dde9,100,5,https://imageapi.khm.at/images/52091/ANSA_II_9-400.jpg
7e1031c9-583b-4331-8c4c-9a4517f64bc3,-186,4,https://imageapi.khm.at/images/52468/ANSA_III_168_45581-400.jpg
666a4128-a7e1-4407-b3bf-5394ec081772,50,3,https://imageapi.khm.at/images/52825/ANSA_III_365-400.jpg
aaad2630-8fcd-4c97-84c4-df284825db1d,250,4,https://imageapi.khm.at/images/61027/ANSA_M_1_01-400.jpg
e3506999-0165-4ff5-9d56-941cb3c89fcf,-50,4,https://imageapi.khm.at/images/66805/ANSA_VI_2848_08-400.jpg
921ce6f9-8492-46d1-8608-5e34ae8b0184,100,5,https://imageapi.khm.at/images/66841/ANSA_VI_288_3327_korr-400.jpg
cbefbf34-595d-47a2-9c34-208316a519b6,50,3,https://imageapi.khm.at/images/66911/ANSA_VI_2937_1-400.jpg
fba652cb-b53c-46ca-8c7a-bc0858959f35,50,3,https://imageapi.khm.at/images/67270/ANSA_VI_324_02%20(1)-400.jpg
0ea8ac4b-d1d3-4686-af30-9625be92888f,150,4,https://imageapi.khm.at/images/67376/ANSA_VI_333__02-400.jpg
8170a18e-f0fe-47f0-b30e-dbe8b6158002,150,4,https://imageapi.khm.at/images/68257/ANSA_VI_409_01-400.jpg
aec01366-826c-46a0-ad94-884257cfbbf5,150,4,https://imageapi.khm.at/images/69225/ANSA_VI_4946_20200302_01-400.jpg
9b7a2079-50d7-4c51-8e5c-966bae7dd404,200,6,https://imageapi.khm.at/images/70679/ANSA_VIIa_12_01-400.jpg
14fa2b9f-feb6-40fb-94a1-1119be26f88f,-50,4,https://imageapi.khm.at/images/70890/ANSA_VIIa_47_ret-400.jpg
866db5cc-8f46-4a9a-a05d-ca07c59e225b,250,4,https://imageapi.khm.at/images/71241/ANSA_VIIb_349_45129-400.jpg
9e1cb77b-8049-472c-b22b-9e1865f2e673,350,4,https://imageapi.khm.at/images/71377/ANSA_VIIb_65_13-400.jpg
8cdcd5df-bda9-4e9d-ac5a-9c330efb4862,350,4,https://imageapi.khm.at/images/72835/ANSA_XI_975_18118-400.jpg
c5f8bd35-f1b5-4b16-8c3e-7047e87655d1,108,4,https://imageapi.khm.at/images/50052/ANSA_I_104_01_TMS-400.jpg
ec0e8408-d8db-4042-898a-3b5a94b05c65,280,5,https://imageapi.khm.at/images/50170/ANSA_I_1133_55446-400.jpg
a7ab1f31-a1ab-475d-9d42-1ce7e87aed45,150,4,https://imageapi.khm.at/images/50232/ANSA_I_119_04-400.jpg
0804548f-0404-4983-a0d0-2e11b10554c1,-50,4,https://imageapi.khm.at/images/50235/ANSA_I_1192_02-400.jpg
e08221b6-3f8c-41af-902b-d5276e85afc4,150,4,https://imageapi.khm.at/images/50299/ANSA_I_125_01_TMS-400.jpg
1983c119-62ec-4d94-b0ad-45e7c68efacd,175,5,https://imageapi.khm.at/images/50354/ANSA_I_13_56653-400.jpg
e3739535-4de2-4140-9bae-c0e5345fd13e,-40,3,https://imageapi.khm.at/images/50522/ANSA_I_145_55042-400.jpg
80b79be0-17c2-43e0-8a3c-80713d113fec,202,6,https://imageapi.khm.at/images/50544/ANSA_I_147_55067-400.jpg
c738ffe4-0a92-4aff-b73d-d7c20063f4a8,150,4,https://imageapi.khm.at/images/50667/ANSA_I_158_01_ret-400.jpg
939a2b79-8d7b-4703-ac0e-a23fc16f5175,125,4,https://imageapi.khm.at/images/50929/ANSA_I_1768_18898-400.jpg
8229f3dd-78e6-4a3e-9e0d-775af3156fc7,50,3,https://imageapi.khm.at/images/51616/ANSA_I_60_4-400.jpg
1974a1cf-ac27-4a2a-b402-1de525b58cc4,-50,4,https://imageapi.khm.at/images/51622/ANSA_I_605_NEU_TMS-400.jpg
b3d91a31-d959-43eb-be03-b2175df045c3,150,4,https://imageapi.khm.at/images/51643/ANSA_I_624_04-400.jpg
c60a1c61-9737-4e85-bf70-836eab1c3be3,-50,4,https://imageapi.khm.at/images/51715/ANSA_I_689_55295-400.jpg
547533bc-0d29-4f92-9d4e-73fb2ceb29f2,1550,3,https://imageapi.khm.at/images/64698/ANSA_VI_1_01-400.jpg
738e45ad-b70a-4535-829a-d3990d948884,50,3,https://imageapi.khm.at/images/70189/ANSA_VI_9_01-400.jpg
2af54bb8-cf4d-40a9-b4fc-11082fa24a44,177,6,https://imageapi.khm.at/images/71683/ANSA_X_301-400.jpg
9fd85759-85b7-4bd2-960b-37c7bf3ab460,150,4,https://imageapi.khm.at/images/71685/ANSA_X_303-400.jpg
1050603c-b27f-443b-b4f1-bd44841421a5,284,6,https://imageapi.khm.at/images/59108/ANSA_IXa_16_010503_fin-400.jpg
4cb87d6c-9549-4ddd-96c9-ed7640bce64c,48,5,https://imageapi.khm.at/images/59115/ANSA_IXa_23_010614_fin-400.jpg
1accdcbd-34cc-4cc5-b44e-13315764598a,-27,4,https://imageapi.khm.at/images/59118/ANSA_IXa_26_frei-400.jpg
5ab3cdd5-d807-42b8-8ff7-61a77e217947,150,4,https://imageapi.khm.at/images/59121/ANSA_IXa_29_039232_fin-400.jpg
b50e3e55-9206-4d79-bf84-ea1ff2f50356,20,2,https://imageapi.khm.at/images/59122/ANSA_IXa_30_039329_fin-400.jpg
dbb83449-2dd8-4ba1-b188-89eefb6ed9e4,40,4,https://imageapi.khm.at/images/59151/ANSA_IXa_59_-010747_fin-400.jpg
1a53ed30-4acb-4079-bdce-719cb54a72f9,49,3,https://imageapi.khm.at/images/59155/ANSA_IXa_63_010770_inarbeit-400.jpg
6355ca0f-ebc5-4bc3-8207-b48b855e8971,11,4,https://imageapi.khm.at/images/59171/ANSA_IXa_79_010593_2_fin-400.jpg
ce95c15f-9da8-4fec-8e47-8a2e98573687,-273,6,https://imageapi.khm.at/images/59173/ANSA_IXa_81_010690_2_fin-400.jpg
9f652b1d-0b4d-4e97-9613-a7869766d23f,350,4,https://imageapi.khm.at/images/51711/ANSA_I_685_7221-400.jpg
a36ca254-f5bc-4990-a91e-44b6e2b51bd0,450,4,https://imageapi.khm.at/images/51931/ANSA_I_880_55328-400.jpg
273dd841-8ff4-4396-8c98-450d6c46f64a,400,6,https://imageapi.khm.at/images/69863/ANSA_VI_612_01-400.jpg
f7bb5309-a0a4-4e9d-854e-1253a15ac467,450,4,https://imageapi.khm.at/images/70394/ANSA_VII_760_54953-400.jpg
98661834-5020-4765-8a45-08bdc5fe9e0f,400,6,https://imageapi.khm.at/images/70887/ANSA_VIIa_45_a_1-400.jpg
4a6d7022-93c2-4794-b085-affb26491b2c,350,6,https://imageapi.khm.at/images/71416/ANSA_VIII_1_b_54559-400.jpg
d0782682-a498-4e2d-b967-187abe75fd38,500,6,https://imageapi.khm.at/images/71771/ANSA_X_38_202010_01-400.jpg
894cc2b0-289f-4456-aff1-ada7cd4814cd,500,3,https://imageapi.khm.at/images/71782/ANSA_X_39_202010_01-400.jpg
17b17c40-3486-4c88-b5c7-0499e2bed2c7,350,4,https://imageapi.khm.at/images/72958/ANSA_XIa_186_01_ret-400.jpg
0619886b-7c79-400f-80fc-08d5bd5f84e0,450,4,https://imageapi.khm.at/images/61152/ANSA_U_1_6%20(1)-400.jpg
eff3be31-f28d-4984-abd1-7211c518d252,650,4,https://imageapi.khm.at/images/70947/ANSA_VIIa_95-400.jpg
1fadb39a-1e6c-4dd5-a483-6ea505af9518,450,4,https://imageapi.khm.at/images/70952/ANSA_VIIb_1_31848-400.jpg
d8d20944-3feb-48f1-a64f-b7ff329c372b,750,6,https://imageapi.khm.at/images/70964/ANSA_VII_b_11_42376-400.jpg
9b7ad61b-c7df-4ba8-9f64-b458401d07f7,300,3,https://imageapi.khm.at/images/70991/ANSA_VIIb_133-400.jpg
9c3cb497-da55-4634-a642-391a3a76094c,496,6,https://imageapi.khm.at/images/71108/ANSA_VIIb_23_08_-400.jpg
22db7ea1-640f-4a04-beb6-040d7a103b0c,250,4,https://imageapi.khm.at/images/71194/ANSA_VIIb_306-400.jpg
5bbd32ae-6937-4f78-bfd8-a75647fef786,450,4,https://imageapi.khm.at/images/71195/ANSA_VIIb_307_201501_01-400.jpg
63577081-8a01-4713-b822-3c611a5f243b,750,6,https://imageapi.khm.at/images/71220/ANSA_VIIb_33_202203_01-400.jpg
f0936bf4-3f30-4622-bb58-b882fe0f56d2,1524,5,https://imageapi.khm.at/images/1407/GG_286_Web-400.jpg
59bfc477-d931-4bfc-b472-283144400aa1,1435,1,https://imageapi.khm.at/images/680/GG_975_Web-400.jpg
5b36957d-4094-499b-9c05-6ab774f7830d,1510,1,https://imageapi.khm.at/images/86309/KK_110_01-400.jpg
b1a2f742-0d10-4ef4-8546-be83f8e49a5c,1542,5,https://imageapi.khm.at/images/87080/KK_881_32449-400.jpg
09250314-b0b5-4f93-bb6e-29947bf21c71,1570,1,https://imageapi.khm.at/images/87295/KK_1096_01-400.jpg
1b16a714-2295-4f53-942c-a1191936dc3f,1602,5,https://imageapi.khm.at/images/87303/KK_1104_8502_Presse-400.jpg
6df48b96-a55a-4e7b-82d5-f54950b2cb8c,1510,1,https://imageapi.khm.at/images/87304/KK_1105_8498_ret-400.jpg
db8c3a65-7437-495f-bf58-49ab15aa0ad0,1637,2,https://imageapi.khm.at/images/87313/KK_1114_8516-400.jpg
5af38b4a-3e84-4b31-8a41-c7524399fdf4,1532,2,https://imageapi.khm.at/images/87319/KK_1120_01_2012-400.jpg
7583efb3-b89c-4ad7-82f8-951488852726,1602,5,https://imageapi.khm.at/images/87327/KK_1128_1-400.jpg
297e187f-25de-4d3a-b1f5-f0b694687573,1565,4,https://imageapi.khm.at/images/87354/KK_1155_06-400.jpg
776fe486-ac81-492f-8bee-06465c20474b,1165,4,https://imageapi.khm.at/images/94941/KK_8924_9378-400.jpg
a54208fe-bb96-4706-a7d5-f4d00e66871f,1170,4,https://imageapi.khm.at/images/96000/KK_9983_01-400.jpg
b1f5e08b-2862-4fa0-aa86-e58111b72225,1750,1,https://imageapi.khm.at/images/501614/KK_1197ff-400.jpg
7f0bdaaf-6bd8-4227-b675-b550c0eec279,1755,4,https://imageapi.khm.at/images/555867/KK_1268_9569-400.jpg
dcc6fd80-5307-4afe-8fff-72e0130e20a6,1850,3,https://imageapi.khm.at/images/59154/ANSA_IX_a_62_43720-400.jpg
113207a5-6bfd-479e-ad84-01693ca1cd2e,1604,5,https://imageapi.khm.at/images/74155/ANSA_XII_29_01-400.jpg
c34324fe-6cac-4ab4-9c1c-6bb716a5e356,1590,1,https://imageapi.khm.at/images/74739/ANSA_XII_815_43887-400.jpg
cf4ce10f-76c7-4969-be71-8671dc728395,1595,4,https://imageapi.khm.at/images/87741/KK_1542-400.jpg
4c71a540-b8cc-4b5c-bfb7-a08666d899c5,1568,5,https://imageapi.khm.at/images/87856/KK_1851_Neu_16-400.jpg
108fe0eb-26fe-4c67-ab6c-5a6883994e5a,1594,5,https://imageapi.khm.at/images/87871/KK_1866_202107_04-400.jpg
1b2d2dec-510c-46c3-b407-f534632f5eab,1568,5,https://imageapi.khm.at/images/88020/KK_2014_202107_01-400.jpg
fa15775d-ee44-4b03-b010-8d411fb8c4e0,1350,3,https://imageapi.khm.at/images/88278/KK_2272_44319-400.jpg
d5a9a5c7-1977-480a-afb5-515dfd3f2ae5,1590,1,https://imageapi.khm.at/images/88407/KK_2401_36352-400.jpg
5ea539fe-4081-4726-bf1c-63918b3d326d,1606,2,https://imageapi.khm.at/images/89066/KK_3060_44738-400.jpg
107fb119-6db0-4d87-8feb-89a923acb8e5,1653,2,https://imageapi.khm.at/images/580539/KK_2251_44312-400.jpg
47bd905c-88cb-47ba-ac17-6ab63f0f40c0,1655,1,https://imageapi.khm.at/images/89661/KK_3654_01-400.jpg
2b6bb6e0-e0db-48dd-8ddd-45905398e94e,1615,4,https://imageapi.khm.at/images/89734/KK_3727_04-400.jpg
3de3a1ad-da4c-4bd5-9078-d855508122a3,1050,3,https://imageapi.khm.at/images/90080/KK_4073_39983-400.jpg
04530d5a-b3d7-4ff1-9b3f-79ee9c042c57,1650,3,https://imageapi.khm.at/images/90479/KK_4472_01_ret-400.jpg
95411fc8-cb97-4a7c-9f4e-394c25251f08,1688,2,https://imageapi.khm.at/images/90544/KK_4537_40384-400.jpg
59b47736-b7b6-481a-819d-92a8366ddf61,1620,1,https://imageapi.khm.at/images/90580/KK_4573_202008_01-400.jpg
7916e365-7ae7-4659-aa1b-ad881812c72b,1693,2,https://imageapi.khm.at/images/90670/KK_4663_57604-400.jpg
1c012c85-32da-4272-a717-be7b789a5662,1542,4,https://imageapi.khm.at/images/90750/KK_4743_201512_01-400.jpg
4897a38d-3ff3-4436-9b20-9c0939497ab6,950,3,https://imageapi.khm.at/images/94416/KK_8399_9339-400.jpg
26d889e6-a5bc-47fc-973c-3ddee88e805a,1125,4,https://imageapi.khm.at/images/86282/KK_83_5-400.jpg
d831c48a-34e7-435c-b188-47bf1161bd48,1569,2,https://imageapi.khm.at/images/87317/KK_1118_01-400.jpg
4424458d-83a0-401f-ac23-2750e3d48c64,1555,1,https://imageapi.khm.at/images/91511/KK_5504_00_ret-400.jpg
465a03ff-61f1-4998-89cd-83c0d211d7d5,1603,2,https://imageapi.khm.at/images/91513/KK_5506_01_ret-400.jpg
4a5cf845-1784-43ff-a505-f7c7f3b671d3,1518,5,https://imageapi.khm.at/images/91546/KK_5539_01-400.jpg
9eb45579-d733-4e70-b5a1-dc76912641be,1482,5,https://imageapi.khm.at/images/91603/KK_5596_01-400.jpg
2f927302-d054-4e6e-a3d3-ad39b8d9400d,1150,3,https://imageapi.khm.at/images/91709/KK_5702_01-400.jpg
d43a49e5-3881-4fef-9bed-a0c8d296ed33,1510,1,https://imageapi.khm.at/images/91733/KK_5726_1-400.jpg
4843c6b9-0157-4010-aff7-98390a4a129b,1575,1,https://imageapi.khm.at/images/91900/KK_5893__57385-400.jpg
c7654e8e-c343-444c-ba53-ebb9884185c3,1585,1,https://imageapi.khm.at/images/91905/KK_5898_57375-400.jpg
6bfdd01f-a0ba-4a4c-8ec2-c40ef6e65f2c,1580,1,https://imageapi.khm.at/images/92036/KK_6029_1_FS-400.jpg
f402b6ca-dc51-43d2-9882-3449c14c650c,1480,1,https://imageapi.khm.at/images/92066/KK_6059_9290_ret-400.jpg
28910206-5d55-42f0-bbc4-1b0f1e45ca48,1445,1,https://imageapi.khm.at/images/93475/KK_7462-400.jpg
a711d59d-eda9-4113-a113-11e779e401a4,1475,4,https://imageapi.khm.at/images/86200/KK_1_01-400.jpg
35d1e425-dfdb-4c8b-8233-985df6441596,1490,1,https://imageapi.khm.at/images/89411/KK_3405_04-400.jpg
9a552b66-1893-4f27-be21-a68b6ecf9d8d,1465,1,https://imageapi.khm.at/images/91462/KK_5455_9461-400.jpg
671eac07-6ad7-4bd0-8540-1c0e4fe3e001,1695,1,https://imageapi.khm.at/images/91465/KK_5458_02-400.jpg
673cd369-7f10-494d-ae4a-cd8db93095ea,1771,2,https://imageapi.khm.at/images/91485/KK_5478_9517-400.jpg
2812411f-2cdc-4ad0-8aef-5307902d7ded,1508,5,https://imageapi.khm.at/images/93484/KK_7471_02-400.jpg
014e4d27-e9ac-4c3d-a41c-43b1183878fc,1665,4,https://imageapi.khm.at/images/93526/KK_7513_9332-400.jpg
db4a9301-d27b-4adf-8a84-d00e7060a83e,1550,1,https://imageapi.khm.at/images/94916/KK_8899_9371-400.jpg
c0205043-b0d3-4443-bbe4-f75c23bb9fc1,1462,5,https://imageapi.khm.at/images/95121/KK_9104_01-400.jpg
2dd39154-5424-4bee-b5cd-16fc4e857e6f,1533,5,https://imageapi.khm.at/images/95905/KK_9888_01-400.jpg
94422259-7a81-4315-9f4b-9a30b0d8053c,1565,4,https://imageapi.khm.at/images/95922/KK_9905_22440-400.jpg
2cd28a18-15a8-4239-ad4a-77d0d8b41ca0,1395,4,https://imageapi.khm.at/images/96174/KK_10156_02-400.jpg
82242c31-ea0b-4edb-8ad1-a2614a4552f9,1525,1,https://imageapi.khm.at/images/96201/KK_10183_201302_01-400.jpg
c18cc6dd-5540-473e-a441-96c8958e9d78,1438,2,https://imageapi.khm.at/images/86365/KK_166_01-400.jpg
d4047d3e-699c-41a2-bf43-e3f1ac20d83b,1596,2,https://imageapi.khm.at/images/87044/KK_845_10-400.jpg
f09668f6-5b12-413c-97fc-7c9de2e0e56c,1584,2,https://imageapi.khm.at/images/87053/KK_854_1-400.jpg
0f755253-5dbe-43d4-aa3e-5df353b40916,1585,1,https://imageapi.khm.at/images/87073/KK_874_04_201204-400.jpg
b0e50bd8-8636-4caf-9737-80c752194374,1625,4,https://imageapi.khm.at/images/87315/KK_1116_202305_1-400.jpg
3a609534-0683-4a63-bec8-478d497e9ae5,1583,2,https://imageapi.khm.at/images/87320/KK_1121_04-400.jpg
3e03f08d-7c72-494f-89a5-f708f6adebcb,1604,5,https://imageapi.khm.at/images/87365/KK_1166_01-400.jpg
4d4ed411-f79c-4839-a3ff-ecec4daa42e6,1550,3,https://imageapi.khm.at/images/96017/KK_10000_10638-400.jpg
8dd829f0-016b-4e5b-a20e-9a13e0345fdf,1350,3,https://imageapi.khm.at/images/86367/KK_168_8315-400.jpg
26afd6a9-2672-40f4-8a09-7d20f0c5569e,1582,2,https://imageapi.khm.at/images/87082/KK_883_04-400.jpg
415f24ac-422d-4d4d-8616-2d5e7787c0a2,16,1,https://imageapi.khm.at/images/88711/KK_2705_01_201204-400.jpg
a38e2062-5623-4683-8663-612b8f7725bc,1580,1,https://imageapi.khm.at/images/89091/KK_3085_01-400.jpg
ba6df159-fd2e-47b4-b97a-7c1de74fd9b1,1537,2,https://imageapi.khm.at/images/89425/KK_3419_9470-400.jpg
0d30a6c3-1291-4469-a263-ac01283e93aa,1625,1,https://imageapi.khm.at/images/89555/KK_3548_1-400.jpg
42da0505-49f7-4dd4-8559-38360bfe47e9,1415,4,https://imageapi.khm.at/images/91010/KK_5003_10612_ret-400.jpg
6e81a8a3-b10f-4278-a89f-3ad372b250d4,1485,4,https://imageapi.khm.at/images/96200/KK_10182_2-400.jpg
0839959f-251c-4249-b501-4581dbad5ff0,1443,5,https://imageapi.khm.at/images/511101/KK_5018_1-400.jpg
346cbc52-bbb4-4d81-bcc9-5764aa7f0f65,1653,2,https://imageapi.khm.at/images/511103/KK_5077_1-400.jpg
271f7bfd-07fd-4d83-8402-4f88aef3e0d9,1450,1,https://imageapi.khm.at/images/86288/KK_89_01-400.jpg
de4dd3a1-d44f-4f90-8738-86d97ed34c3f,1565,4,https://imageapi.khm.at/images/87088/KK_889_57075-400.jpg
d787da28-a31a-4e71-b5ed-4e6e96b0d326,1573,5,https://imageapi.khm.at/images/87096/KK_897_1-400.jpg
ec2f98db-6de3-4dd7-8ef8-250610262c36,1550,3,https://imageapi.khm.at/images/87180/KK_981_8467-400.jpg
b2f3eb01-995a-4bd7-869d-6e23214178cc,1603,5,https://imageapi.khm.at/images/87312/KK_1113_1-400.jpg
3d9746d6-59d0-4187-b700-603bd1580f56,1585,4,https://imageapi.khm.at/images/89161/KK_3155_01-400.jpg
0bbae797-aab2-4500-8f3a-bcd3d15b1818,1611,2,https://imageapi.khm.at/images/89716/KK_3709_01-400.jpg
93a40aec-4066-4b55-adc1-15d40232dc61,1560,1,https://imageapi.khm.at/images/90155/KK_4148_01-400.jpg
fc8d6e6e-d890-4a3e-8c1e-3d2ed91b1dcc,1602,2,https://imageapi.khm.at/images/92885/KK_6872_02-400.jpg
0932c7e8-2d3b-462b-af57-7b35c9ebc110,1540,3,https://imageapi.khm.at/images/102799/KK_T_CV_1_10135-400.jpg
21625bd3-40f8-4a6c-a447-b21240b62ec4,1640,3,https://imageapi.khm.at/images/102818/KK_T_XL_1_ret-400.jpg
0e67936f-2e0c-4695-8aaa-aa46b9008066,9,1,https://imageapi.khm.at/images/103025/KK_T_XXXVIII_2_31538-400.jpg
f37f0beb-4c04-42fd-9bc8-2ec24cb7867a,1712,4,https://imageapi.khm.at/images/103229/KK_T_X_4_30219-400.jpg
a26aa54d-51f3-4a43-ad05-951c9fbfdd9c,16,1,https://imageapi.khm.at/images/103235/KK_T_CII_4_44253_frei-400.jpg
